[
    {
        "id": "1",
        "commandId": "db483a29-4142-4352-967c-4527da18f2de",
        "subType": "Flow_Start",
        "label": "Start",
        "protocolDescription": "",
        "successNextCommandId": "80729147-5f45-402e-a41b-0183e44a3f60",
        "errorNextCommandId": "",
        "requestUsed": {
            "type": "",
            "viaBranch": ""
        },
        "properties": {
            "delayBeforeExecution": 0,
            "duration": 60000,
            "nonBlocking": true,
            "action": ""
        },
        "parameters": {
            "method": "",
            "headers": "",
            "body": {
                "source": "",
                "body": "",
                "template": ""
            },
            "dialogAction": {
                "type": "",
                "callId": ""
            },
            "timeout": 0,
            "timeoutNextCommandId": "",
            "templates": null
        },
        "extract": null
    },
    {
        "id": "2",
        "commandId": "80729147-5f45-402e-a41b-0183e44a3f60",
        "subType": "RTP_Talk",
        "label": "Talk",
        "protocolDescription": "",
        "successNextCommandId": "71956845-d5df-4ce6-8101-c40978dad181",
        "errorNextCommandId": "71956845-d5df-4ce6-8101-c40978dad181",
        "requestUsed": {
            "type": "",
            "viaBranch": ""
        },
        "properties": {
            "delayBeforeExecution": 0,
            "duration": 30000,
            "nonBlocking": false,
            "action": ""
        },
        "parameters": {
            "method": "",
            "headers": "",
            "body": {
                "source": "",
                "body": "",
                "template": ""
            },
            "dialogAction": {
                "type": "",
                "callId": ""
            },
            "timeout": 0,
            "timeoutNextCommandId": "",
            "templates": null
        },
        "extract": null
    },
    {
        "id": "3",
        "commandId": "71956845-d5df-4ce6-8101-c40978dad181",
        "subType": "Flow_Stop",
        "label": "Stop",
        "protocolDescription": "",
        "successNextCommandId": "",
        "errorNextCommandId": "",
        "requestUsed": {
            "type": "",
            "viaBranch": ""
        },
        "properties": {
            "delayBeforeExecution": 0,
            "duration": 60000,
            "nonBlocking": true,
            "action": ""
        },
        "parameters": {
            "method": "",
            "headers": "",
            "body": {
                "source": "",
                "body": "",
                "template": ""
            },
            "dialogAction": {
                "type": "",
                "callId": ""
            },
            "timeout": 0,
            "timeoutNextCommandId": "",
            "templates": null
        },
        "extract": null
    }
]