{
  "$schema": "https://schema.management.azure.com/schemas/2019-04-01/deploymentParameters.json#",
  "contentVersion": "1.0.0.0",
    "parameters": {
      "publisherName": { "value": "LoadCore" },
      "artifactStore": { "value": "ArtifactStore" },
      "artifactManifestName": { "value": "Manifest" },
      "nfdgroupName": { "value": "NFDG" },
      "nfdversion": { "value": "4.2.0" },
      "cnfName": { "value": "CNF" },
      "cgsName": { "value": "CGS" },
      "nsdGroup": { "value": "NSDG" },
      "nsdvName": { "value": "4.2.0" },
      "cgvName": { "value": "CGV" },
      "siteName": { "value": "Site" },
      "snsName": { "value": "SNS" },
      "aksClusterName": { "value": "cl_naks_loadcore" },
      "aksClusterGroup": { "value": "rg-precert-keysight-pct1" }
    }
  }
  