[{"id":"1","commandId":"f05985a8-092f-4050-9d73-269d38328361","type":"Flow_Command","subType":"Flow_Start","label":"Start","protocolDescription":"Marks the start of a procedure.","successNextCommandId":"4bb77414-ee1c-4734-90d3-593007050bd5","errorNextCommandId":"","requestUsed":{"type":"","viaBranch":""},"properties":{"delayBeforeExecution":0,"duration":0,"nonBlocking":false,"action":""},"parameters":{"method":"","headers":"","body":{"source":"","body":"","template":""},"dialogAction":{"type":"","callId":""},"timeout":0,"timeoutNextCommandId":"","templates":[]},"extract":[]},{"id":"2","commandId":"4bb77414-ee1c-4734-90d3-593007050bd5","type":"SIP_Command","subType":"SIP_Send_Request","label":"Send unSUBSCRIBE ","protocolDescription":"Unsubscribe to all events.","successNextCommandId":"bd65d727-11b1-4885-b14a-52312ced7b42","errorNextCommandId":"0395c22d-1fa7-4354-b457-5801c565975d","requestUsed":{"type":"","viaBranch":""},"properties":{"delayBeforeExecution":0,"duration":0,"nonBlocking":false,"action":""},"parameters":{"method":"SUBSCRIBE","headers":"SUBSCRIBE |AUTO-REQUEST-URI| SIP/2.0\nVia: |AUTO-VIA|\nFrom: |AUTO-FROM|\nTo: |AUTO-TO|\nCall-ID: |AUTO-CALL-ID|\nCSeq: |AUTO-CSEQ|\nMax-Forwards: 70\nContact: |AUTO-CONTACT|\nExpires: 0\nP-Preferred-Identity: \u003csip:|VOIP_PrivateIdentity|@|VOIP_Domain|\u003e\nP-Access-Network-Info: 3GPP-E-UTRAN-FDD;e-utran-cell-id-3gpp=31118000ff210054d0300\nEvent: reg; id=1234\n","body":{"source":"none","body":"","template":""},"dialogAction":{"type":"none","callId":""},"timeout":0,"timeoutNextCommandId":"","templates":[]},"extract":[]},{"id":"3","commandId":"bd65d727-11b1-4885-b14a-52312ced7b42","type":"SIP_Command","subType":"SIP_Wait_Response","label":"Wait 200 unSUBSCRIBE","protocolDescription":"Wait for SUBSCRIBE response.","successNextCommandId":"","errorNextCommandId":"0395c22d-1fa7-4354-b457-5801c565975d","requestUsed":{"type":"","viaBranch":""},"properties":{"delayBeforeExecution":0,"duration":0,"nonBlocking":false,"action":""},"parameters":{"method":"","headers":"","body":{"source":"","body":"","template":""},"dialogAction":{"type":"","callId":""},"timeout":32000,"timeoutNextCommandId":"0395c22d-1fa7-4354-b457-5801c565975d","templates":[{"id":"1","statusCode":"200","method":"","extract":[],"nextCommandId":"e7291926-9fdb-40ed-a1b9-9c1503181597"}]},"extract":[]},{"id":"9","commandId":"e7291926-9fdb-40ed-a1b9-9c1503181597","subType":"SIP_Wait_Request","label":"Wait NOTIFY for unSubscribe","protocolDescription":"Wait Notify request.","successNextCommandId":"","errorNextCommandId":"0395c22d-1fa7-4354-b457-5801c565975d","requestUsed":{"type":"","viaBranch":""},"properties":{"delayBeforeExecution":0,"duration":60000,"nonBlocking":true,"action":""},"parameters":{"method":"","headers":"","body":{"source":"","body":"","template":""},"dialogAction":{"type":"","callId":""},"timeout":10000,"timeoutNextCommandId":"4cdf0a52-4f4c-4747-821a-aaf4d91e5466","templates":[{"id":"1","statusCode":"","method":"NOTIFY","extract":[{"id":"1","what":"","where":""}],"nextCommandId":"df99b04c-7ed7-4b02-b5c8-5986c9c109a5"}]},"extract":[]},{"id":"10","commandId":"df99b04c-7ed7-4b02-b5c8-5986c9c109a5","subType":"SIP_Send_Response","label":"Send 200 NOTIFY unSubscribe","protocolDescription":"Send 200 OK for Notify request.","successNextCommandId":"4cdf0a52-4f4c-4747-821a-aaf4d91e5466","errorNextCommandId":"0395c22d-1fa7-4354-b457-5801c565975d","requestUsed":{"type":"last","viaBranch":""},"properties":{"delayBeforeExecution":0,"duration":60000,"nonBlocking":true,"action":""},"parameters":{"method":"","headers":"SIP/2.0 200 OK\nVia: |AUTO-VIA|\nFrom: |AUTO-FROM|\nTo: |AUTO-TO|\nCall-ID: |AUTO-CALL-ID|\nCSeq: |AUTO-CSEQ|\nContact: |AUTO-CONTACT|\nCustom: sent-from-procedure\nMax-Forwards: 70","body":{"source":"none","body":"","template":"sdpTemplateNone"},"dialogAction":{"type":"","callId":""},"timeout":0,"timeoutNextCommandId":"","templates":[]},"extract":[]},{"id":"4","commandId":"4cdf0a52-4f4c-4747-821a-aaf4d91e5466","type":"SIP_Command","subType":"SIP_Send_Request","label":"Send deREGISTER","protocolDescription":"Send deREGISTER all bindings.","successNextCommandId":"c1ec678b-fefc-42e8-84a0-350bbec5147c","errorNextCommandId":"0395c22d-1fa7-4354-b457-5801c565975d","requestUsed":{"type":"","viaBranch":""},"properties":{"delayBeforeExecution":0,"duration":0,"nonBlocking":false,"action":""},"parameters":{"method":"REGISTER","headers":"REGISTER |AUTO-REQUEST-URI| SIP/2.0\nVia: |AUTO-VIA|\nFrom: |AUTO-FROM|\nTo: |AUTO-TO|\nCall-ID: |AUTO-CALL-ID|\nCSeq: |AUTO-CSEQ|\nMax-Forwards: 70\nContact: |AUTO-CONTACT|\nP-Preferred-Identity: \u003csip:|VOIP_PrivateIdentity|@|VOIP_Domain|\u003e\nP-Access-Network-Info: 3GPP-E-UTRAN-FDD;e-utran-cell-id-3gpp=31118000ff210054d0300\nExpires: 0\n","body":{"source":"none","body":"","template":""},"dialogAction":{"type":"none","callId":""},"timeout":0,"timeoutNextCommandId":"","templates":[]},"extract":[]},{"id":"7","commandId":"c1ec678b-fefc-42e8-84a0-350bbec5147c","subType":"SIP_Wait_Response","label":"Wait 401 200 deREGISTER","protocolDescription":"Wait for REGISTRATION response.","successNextCommandId":"","errorNextCommandId":"0395c22d-1fa7-4354-b457-5801c565975d","requestUsed":{"type":"","viaBranch":""},"properties":{"delayBeforeExecution":0,"duration":60000,"nonBlocking":true,"action":""},"parameters":{"method":"","headers":"","body":{"source":"","body":"","template":""},"dialogAction":{"type":"","callId":""},"timeout":32000,"timeoutNextCommandId":"0395c22d-1fa7-4354-b457-5801c565975d","templates":[{"id":"1","statusCode":"401","method":"","extract":[{"id":"1","what":"","where":""}],"nextCommandId":"6db17425-2cb3-454f-9bb9-a088e912cd6f"},{"id":"2","statusCode":"200","method":"","extract":[{"id":"1","what":"","where":""}],"nextCommandId":"0395c22d-1fa7-4354-b457-5801c565975d"}]},"extract":[]},{"id":"8","commandId":"6db17425-2cb3-454f-9bb9-a088e912cd6f","subType":"SIP_Send_Request","label":"Send Auth deREGISTER","protocolDescription":"","successNextCommandId":"5f1b24be-5337-4214-a17c-cc6048ab30fb","errorNextCommandId":"0395c22d-1fa7-4354-b457-5801c565975d","requestUsed":{"type":"","viaBranch":""},"properties":{"delayBeforeExecution":0,"duration":60000,"nonBlocking":true,"action":""},"parameters":{"method":"REGISTER","headers":"REGISTER |AUTO-REQUEST-URI| SIP/2.0\nVia: |AUTO-VIA|\nFrom: |AUTO-FROM|\nTo: |AUTO-TO|\nCall-ID: |AUTO-CALL-ID|\nCSeq: |AUTO-CSEQ|\nContact: |AUTO-CONTACT|\nMax-Forwards: 70\nP-Preferred-Identity: \u003csip:|VOIP_PrivateIdentity|@|VOIP_Domain|\u003e\nP-Access-Network-Info: 3GPP-E-UTRAN-FDD;e-utran-cell-id-3gpp=31118000ff210054d0300\nExpires: 0\n","body":{"source":"none","body":"","template":"sdpTemplateNone"},"dialogAction":{"type":"none","callId":""},"timeout":0,"timeoutNextCommandId":"","templates":[]},"extract":[]},{"id":"5","commandId":"5f1b24be-5337-4214-a17c-cc6048ab30fb","type":"SIP_Command","subType":"SIP_Wait_Response","label":"Wait 200 deREGISTER","protocolDescription":"Wait for REGISTRATION response.","successNextCommandId":"","errorNextCommandId":"0395c22d-1fa7-4354-b457-5801c565975d","requestUsed":{"type":"","viaBranch":""},"properties":{"delayBeforeExecution":0,"duration":0,"nonBlocking":false,"action":""},"parameters":{"method":"","headers":"","body":{"source":"","body":"","template":""},"dialogAction":{"type":"","callId":""},"timeout":32000,"timeoutNextCommandId":"0395c22d-1fa7-4354-b457-5801c565975d","templates":[{"id":"1","statusCode":"200","method":"","extract":[],"nextCommandId":"0395c22d-1fa7-4354-b457-5801c565975d"}]},"extract":[]},{"id":"6","commandId":"0395c22d-1fa7-4354-b457-5801c565975d","type":"Flow_Command","subType":"Flow_Stop","label":"Stop","protocolDescription":"Marks the end of a procedure.","successNextCommandId":"","errorNextCommandId":"","requestUsed":{"type":"","viaBranch":""},"properties":{"delayBeforeExecution":0,"duration":0,"nonBlocking":false,"action":""},"parameters":{"method":"","headers":"","body":{"source":"","body":"","template":""},"dialogAction":{"type":"","callId":""},"timeout":0,"timeoutNextCommandId":"","templates":[]},"extract":[]}]