[{"id":"1","commandId":"8c4ce811-31da-4f8e-a914-de7b61597888","subType":"Flow_Start","label":"Start End Call MO","protocolDescription":"Marks the start of a procedure.","successNextCommandId":"590bf655-df63-495e-85bf-8d0bfc7ebacb","errorNextCommandId":"","requestUsed":{"type":"","viaBranch":""},"properties":{"delayBeforeExecution":0,"duration":60000,"nonBlocking":true,"action":""},"parameters":{"method":"","headers":"","body":{"source":"","body":"","template":""},"dialogAction":{"type":"","callId":""},"timeout":0,"timeoutNextCommandId":"","templates":[]},"extract":[]},{"id":"2","commandId":"590bf655-df63-495e-85bf-8d0bfc7ebacb","subType":"SIP_Send_Request","label":"Send UPDATE MO","protocolDescription":"Send Update request 2 seconds after RTP generation starts.","successNextCommandId":"ab3e5b1f-f695-4779-a2bd-81846c25f61c","errorNextCommandId":"5aa98391-2f78-4d29-ba66-067fc3806b17","requestUsed":{"type":"","viaBranch":""},"properties":{"delayBeforeExecution":2000,"duration":60000,"nonBlocking":true,"action":""},"parameters":{"method":"UPDATE","headers":"UPDATE |AUTO-REQUEST-URI| SIP/2.0\nVia: |AUTO-VIA|\nFrom: |AUTO-FROM|\nTo: |AUTO-TO|\nCall-ID: |AUTO-CALL-ID|\nCSeq: |AUTO-CSEQ|\nContact: |AUTO-CONTACT|\nMax-Forwards: 70\nContent-Type: application/sdp","body":{"source":"automatic","body":"","template":"sdpTemplateNone"},"dialogAction":{"type":"existing","callId":"$SIP_CallId"},"timeout":0,"timeoutNextCommandId":"","templates":[]},"extract":[]},{"id":"3","commandId":"ab3e5b1f-f695-4779-a2bd-81846c25f61c","subType":"SIP_Wait_Response","label":"Wait 200 UPDATE MO","protocolDescription":"Wait responses Update.","successNextCommandId":"","errorNextCommandId":"5aa98391-2f78-4d29-ba66-067fc3806b17","requestUsed":{"type":"","viaBranch":""},"properties":{"delayBeforeExecution":0,"duration":60000,"nonBlocking":true,"action":""},"parameters":{"method":"","headers":"","body":{"source":"","body":"","template":""},"dialogAction":{"type":"","callId":""},"timeout":32000,"timeoutNextCommandId":"5aa98391-2f78-4d29-ba66-067fc3806b17","templates":[{"id":"1","statusCode":"200","method":"","extract":[{"id":"1","what":"","where":""}],"nextCommandId":"5aa98391-2f78-4d29-ba66-067fc3806b17"}]},"extract":[]},{"id":"4","commandId":"5aa98391-2f78-4d29-ba66-067fc3806b17","subType":"SIP_Wait_Request","label":"Wait BYE MO","protocolDescription":"The purpose of this command is to catch BYE requests while UE is engaged in the call. The MO UE expects to initiate end call, therefore timeout value for wait BYE equals RTP duration - delay before execution on Send Update.","successNextCommandId":"","errorNextCommandId":"69513574-7c32-4cb7-b946-fbc193873728","requestUsed":{"type":"","viaBranch":""},"properties":{"delayBeforeExecution":0,"duration":60000,"nonBlocking":true,"action":""},"parameters":{"method":"","headers":"","body":{"source":"","body":"","template":""},"dialogAction":{"type":"","callId":""},"timeout":28000,"timeoutNextCommandId":"69513574-7c32-4cb7-b946-fbc193873728","templates":[{"id":"1","statusCode":"","method":"BYE","extract":[{"id":"1","what":"","where":""}],"nextCommandId":"89364d33-6dfb-4d22-9aed-261044743ebd"}]},"extract":[]},{"id":"10","commandId":"69513574-7c32-4cb7-b946-fbc193873728","subType":"RTP_Control","label":"RTP Control - Wait RTP Completion MO","protocolDescription":"Wait for RTP to complete.","successNextCommandId":"beb5a295-4957-4122-831e-8d09db51ea70","errorNextCommandId":"beb5a295-4957-4122-831e-8d09db51ea70","requestUsed":{"type":"","viaBranch":""},"properties":{"delayBeforeExecution":0,"duration":60000,"nonBlocking":true,"action":"waitForCompletion"},"parameters":{"method":"","headers":"","body":{"source":"","body":"","template":""},"dialogAction":{"type":"","callId":""},"timeout":0,"timeoutNextCommandId":"","templates":[]},"extract":[]},{"id":"7","commandId":"beb5a295-4957-4122-831e-8d09db51ea70","subType":"SIP_Send_Request","label":"Send BYE MO","protocolDescription":"Send BYE to initiate end call.","successNextCommandId":"b700e995-9962-4838-b2e9-a1be84b5d24f","errorNextCommandId":"d71a46c6-1e60-4dcc-9872-947f1d96fe6a","requestUsed":{"type":"","viaBranch":""},"properties":{"delayBeforeExecution":0,"duration":60000,"nonBlocking":true,"action":""},"parameters":{"method":"BYE","headers":"BYE |AUTO-REQUEST-URI| SIP/2.0\nVia: |AUTO-VIA|\nFrom: |AUTO-FROM|\nTo: |AUTO-TO|\nCall-ID: |AUTO-CALL-ID|\nCSeq: |AUTO-CSEQ|\nMax-Forwards: 70\n","body":{"source":"none","body":"","template":"sdpTemplateNone"},"dialogAction":{"type":"existing","callId":"$SIP_CallId"},"timeout":0,"timeoutNextCommandId":"","templates":[]},"extract":[]},{"id":"8","commandId":"b700e995-9962-4838-b2e9-a1be84b5d24f","subType":"SIP_Wait_Response","label":"Wait 200 BYE MO","protocolDescription":"Wait 200 OK BYE.","successNextCommandId":"","errorNextCommandId":"d71a46c6-1e60-4dcc-9872-947f1d96fe6a","requestUsed":{"type":"","viaBranch":""},"properties":{"delayBeforeExecution":0,"duration":60000,"nonBlocking":true,"action":""},"parameters":{"method":"","headers":"","body":{"source":"","body":"","template":""},"dialogAction":{"type":"","callId":""},"timeout":32000,"timeoutNextCommandId":"d71a46c6-1e60-4dcc-9872-947f1d96fe6a","templates":[{"id":"1","statusCode":"200","method":"","extract":[{"id":"1","what":"","where":""}],"nextCommandId":"d71a46c6-1e60-4dcc-9872-947f1d96fe6a"}]},"extract":[]},{"id":"5","commandId":"89364d33-6dfb-4d22-9aed-261044743ebd","subType":"SIP_Send_Response","label":"Send 200 BYE MO","protocolDescription":"Send 200 OK BYE.","successNextCommandId":"6769eec7-a339-4413-ad35-d3d0614d7011","errorNextCommandId":"6769eec7-a339-4413-ad35-d3d0614d7011","requestUsed":{"type":"last","viaBranch":""},"properties":{"delayBeforeExecution":0,"duration":60000,"nonBlocking":true,"action":""},"parameters":{"method":"","headers":"SIP/2.0 200 OK\nVia: |AUTO-VIA|\nFrom: |AUTO-FROM|\nTo: |AUTO-TO|\nCall-ID: |AUTO-CALL-ID|\nCSeq: |AUTO-CSEQ|\nContact: |AUTO-CONTACT|\nMax-Forwards: 70","body":{"source":"none","body":"","template":"sdpTemplateNone"},"dialogAction":{"type":"","callId":""},"timeout":0,"timeoutNextCommandId":"","templates":[]},"extract":[]},{"id":"6","commandId":"6769eec7-a339-4413-ad35-d3d0614d7011","subType":"RTP_Control","label":"RTP Control - Terminate RTP MO","protocolDescription":"Terminate RTP.","successNextCommandId":"d71a46c6-1e60-4dcc-9872-947f1d96fe6a","errorNextCommandId":"d71a46c6-1e60-4dcc-9872-947f1d96fe6a","requestUsed":{"type":"","viaBranch":""},"properties":{"delayBeforeExecution":0,"duration":60000,"nonBlocking":true,"action":"terminate"},"parameters":{"method":"","headers":"","body":{"source":"","body":"","template":""},"dialogAction":{"type":"","callId":""},"timeout":0,"timeoutNextCommandId":"","templates":[]},"extract":[]},{"id":"9","commandId":"d71a46c6-1e60-4dcc-9872-947f1d96fe6a","subType":"Flow_Stop","label":"Stop End Call MO","protocolDescription":"Marks the end of a procedure.","successNextCommandId":"","errorNextCommandId":"","requestUsed":{"type":"","viaBranch":""},"properties":{"delayBeforeExecution":0,"duration":60000,"nonBlocking":true,"action":""},"parameters":{"method":"","headers":"","body":{"source":"","body":"","template":""},"dialogAction":{"type":"","callId":""},"timeout":0,"timeoutNextCommandId":"","templates":[]},"extract":[]}]