[{"id":"1","commandId":"ac5ba36b-f783-478c-9e85-ace4505ad4a3","subType":"Flow_Start","label":"Start","protocolDescription":"Start of the procedure.","successNextCommandId":"ba04d182-953b-411d-9f5b-943c9442900b","errorNextCommandId":"","requestUsed":{"type":"","viaBranch":""},"properties":{"delayBeforeExecution":0,"duration":60000,"nonBlocking":true,"action":""},"parameters":{"method":"","headers":"","body":{"source":"","body":"","template":""},"dialogAction":{"type":"","callId":""},"timeout":0,"timeoutNextCommandId":"","templates":[]},"extract":[]},{"id":"3","commandId":"ba04d182-953b-411d-9f5b-943c9442900b","subType":"SIP_Send_Request","label":"Send BYE","protocolDescription":"Send BYE to initiate end call.","successNextCommandId":"0519728b-92f7-4f52-abaf-ceb1118d232d","errorNextCommandId":"3ddbd00e-75b5-41ca-9ccb-2a1132fe0e17","requestUsed":{"type":"","viaBranch":""},"properties":{"delayBeforeExecution":0,"duration":60000,"nonBlocking":true,"action":""},"parameters":{"method":"BYE","headers":"BYE |AUTO-REQUEST-URI| SIP/2.0\nVia: |AUTO-VIA|\nFrom: |AUTO-FROM|\nTo: |AUTO-TO|\nCall-ID: |AUTO-CALL-ID|\nCSeq: |AUTO-CSEQ|\nMax-Forwards: 70","body":{"source":"none","body":"","template":"sdpTemplateNone"},"dialogAction":{"type":"existing","callId":"$SIP_CallId"},"timeout":0,"timeoutNextCommandId":"","templates":[]},"extract":[]},{"id":"4","commandId":"0519728b-92f7-4f52-abaf-ceb1118d232d","subType":"SIP_Wait_Response","label":"Wait 200 BYE","protocolDescription":"Send 200 OK response for BYE.","successNextCommandId":"","errorNextCommandId":"3ddbd00e-75b5-41ca-9ccb-2a1132fe0e17","requestUsed":{"type":"","viaBranch":""},"properties":{"delayBeforeExecution":0,"duration":60000,"nonBlocking":true,"action":""},"parameters":{"method":"","headers":"","body":{"source":"","body":"","template":""},"dialogAction":{"type":"","callId":""},"timeout":32000,"timeoutNextCommandId":"3ddbd00e-75b5-41ca-9ccb-2a1132fe0e17","templates":[{"id":"1","statusCode":"200","method":"","extract":[{"id":"1","what":"","where":""}],"nextCommandId":"3ddbd00e-75b5-41ca-9ccb-2a1132fe0e17"}]},"extract":[]},{"id":"2","commandId":"3ddbd00e-75b5-41ca-9ccb-2a1132fe0e17","subType":"Flow_Stop","label":"Stop","protocolDescription":"End of the procedure.","successNextCommandId":"","errorNextCommandId":"","requestUsed":{"type":"","viaBranch":""},"properties":{"delayBeforeExecution":0,"duration":60000,"nonBlocking":true,"action":""},"parameters":{"method":"","headers":"","body":{"source":"","body":"","template":""},"dialogAction":{"type":"","callId":""},"timeout":0,"timeoutNextCommandId":"","templates":[]},"extract":[]}]