[
    {
        "id": "1",
        "commandId": "23eba05c-3498-443e-ba98-13068b1f8535",
        "type": "Flow_Command",
        "subType": "Flow_Start",
        "label": "Start",
        "protocolDescription": "Start of the procedure.",
        "successNextCommandId": "fbafe349-d913-4774-baa2-0af222d801e2",
        "errorNextCommandId": "",
        "requestUsed": {
            "type": "",
            "viaBranch": ""
        },
        "properties": {
            "delayBeforeExecution": 0,
            "duration": 0,
            "nonBlocking": false,
            "action": ""
        },
        "parameters": {
            "method": "",
            "headers": "",
            "body": {
                "source": "",
                "body": "",
                "template": ""
            },
            "dialogAction": {
                "type": "",
                "callId": ""
            },
            "timeout": 0,
            "timeoutNextCommandId": "",
            "templates": []
        },
        "extract": []
    },
    {
        "id": "2",
        "commandId": "fbafe349-d913-4774-baa2-0af222d801e2",
        "type": "SIP_Command",
        "subType": "SIP_Send_Request",
        "label": "Send INVITE",
        "protocolDescription": "INVITE that initiates a SIP Call.",
        "successNextCommandId": "ab0e0087-367e-4a6c-8d83-02fc205a21c0",
        "errorNextCommandId": "3c1f658e-83e8-4711-b8ec-02baa6160207",
        "requestUsed": {
            "type": "",
            "viaBranch": ""
        },
        "properties": {
            "delayBeforeExecution": 2000,
            "duration": 0,
            "nonBlocking": false,
            "action": ""
        },
        "parameters": {
            "method": "INVITE",
            "headers": "INVITE |AUTO-REQUEST-URI| SIP/2.0\nVia: |AUTO-VIA|\nFrom: |AUTO-FROM|\nTo: |AUTO-TO|\nCall-ID: |AUTO-CALL-ID|\nCSeq: |AUTO-CSEQ|\nContact: |AUTO-CONTACT|\nMax-Forwards: 70\nContent-Type: application/sdp\nRequire: 100rel\nSupported: 100rel,replaces,timer,join\nP-Early-Media: supported\nP-Preferred-Identity: \u003csip:|VOIP_PrivateIdentity|@|VOIP_Domain|\u003e\nP-Access-Network-Info: 3GPP-E-UTRAN-FDD;e-utran-cell-id-3gpp=31118000ff210054d0300\nAllow: INVITE,ACK,BYE,CANCEL,OPTIONS,SUBSCRIBE,REFER,NOTIFY,PRACK,UPDATE,MESSAGE,INFO\n",
            "body": {
                "source": "automatic",
                "body": "",
                "template": "sdpTemplateNone"
            },
            "dialogAction": {
                "type": "new",
                "callId": ""
            },
            "timeout": 0,
            "timeoutNextCommandId": "",
            "templates": []
        },
        "extract": []
    },
    {
        "id": "3",
        "commandId": "ab0e0087-367e-4a6c-8d83-02fc205a21c0",
        "type": "SIP_Command",
        "subType": "SIP_Wait_Response",
        "label": "Wait 180 183 4xx Response INVITE",
        "protocolDescription": "Wait responses INVITE. ",
        "successNextCommandId": "",
        "errorNextCommandId": "3c1f658e-83e8-4711-b8ec-02baa6160207",
        "requestUsed": {
            "type": "",
            "viaBranch": ""
        },
        "properties": {
            "delayBeforeExecution": 0,
            "duration": 0,
            "nonBlocking": false,
            "action": ""
        },
        "parameters": {
            "method": "",
            "headers": "",
            "body": {
                "source": "",
                "body": "",
                "template": ""
            },
            "dialogAction": {
                "type": "",
                "callId": ""
            },
            "timeout": 32000,
            "timeoutNextCommandId": "3c1f658e-83e8-4711-b8ec-02baa6160207",
            "templates": [
                {
                    "id": "1",
                    "statusCode": "100",
                    "method": "",
                    "extract": [],
                    "nextCommandId": "ab0e0087-367e-4a6c-8d83-02fc205a21c0"
                },
                {
                    "id": "2",
                    "statusCode": "180",
                    "method": "",
                    "extract": [
                        {
                            "id": "1",
                            "what": "Call-Id",
                            "where": "$SIP_CallId"
                        }
                    ],
                    "nextCommandId": "ab0e0087-367e-4a6c-8d83-02fc205a21c0"
                },
                {
                    "id": "3",
                    "statusCode": "183",
                    "method": "",
                    "extract": [
                        {
                            "id": "1",
                            "what": "Call-Id",
                            "where": "$SIP_CallId"
                        }
                    ],
                    "nextCommandId": "c20ddd1f-9b2a-488c-87b7-0e879df2b4c4"
                },
                {
                    "id": "5",
                    "statusCode": "404",
                    "method": "",
                    "extract": [
                        {
                            "id": "1",
                            "what": "",
                            "where": ""
                        }
                    ],
                    "nextCommandId": "41681b39-a9a2-49dc-b8db-3496c40e1074"
                },
                {
                    "id": "6",
                    "statusCode": "408",
                    "method": "",
                    "extract": [
                        {
                            "id": "1",
                            "what": "",
                            "where": ""
                        }
                    ],
                    "nextCommandId": "41681b39-a9a2-49dc-b8db-3496c40e1074"
                },
                {
                    "id": "7",
                    "statusCode": "481",
                    "method": "",
                    "extract": [
                        {
                            "id": "1",
                            "what": "",
                            "where": ""
                        }
                    ],
                    "nextCommandId": "a83da82d-bdf9-4ba7-83fd-295c2d6e772d"
                }
            ]
        },
        "extract": []
    },
    {
        "id": "4",
        "commandId": "c20ddd1f-9b2a-488c-87b7-0e879df2b4c4",
        "type": "SIP_Command",
        "subType": "SIP_Send_Request",
        "label": "Send PRACK",
        "protocolDescription": "Send PRACK request.",
        "successNextCommandId": "248c32cc-af9f-44db-981f-9a7f0b7ae0bd",
        "errorNextCommandId": "3c1f658e-83e8-4711-b8ec-02baa6160207",
        "requestUsed": {
            "type": "",
            "viaBranch": ""
        },
        "properties": {
            "delayBeforeExecution": 0,
            "duration": 0,
            "nonBlocking": false,
            "action": ""
        },
        "parameters": {
            "method": "PRACK",
            "headers": "PRACK |AUTO-REQUEST-URI| SIP/2.0\nVia: |AUTO-VIA|\nFrom: |AUTO-FROM|\nTo: |AUTO-TO|\nCall-ID: |AUTO-CALL-ID|\nCSeq: |AUTO-CSEQ|\nRAck:  |AUTO-RACK|\nMax-Forwards: 70\n",
            "body": {
                "source": "none",
                "body": "",
                "template": ""
            },
            "dialogAction": {
                "type": "existing",
                "callId": "$SIP_CallId"
            },
            "timeout": 0,
            "timeoutNextCommandId": "",
            "templates": []
        },
        "extract": []
    },
    {
        "id": "5",
        "commandId": "248c32cc-af9f-44db-981f-9a7f0b7ae0bd",
        "type": "SIP_Command",
        "subType": "SIP_Wait_Response",
        "label": "Wait 200 PRACK",
        "protocolDescription": "Wait responses for PRACK.",
        "successNextCommandId": "",
        "errorNextCommandId": "3c1f658e-83e8-4711-b8ec-02baa6160207",
        "requestUsed": {
            "type": "",
            "viaBranch": ""
        },
        "properties": {
            "delayBeforeExecution": 0,
            "duration": 0,
            "nonBlocking": false,
            "action": ""
        },
        "parameters": {
            "method": "",
            "headers": "",
            "body": {
                "source": "",
                "body": "",
                "template": ""
            },
            "dialogAction": {
                "type": "",
                "callId": ""
            },
            "timeout": 32000,
            "timeoutNextCommandId": "3c1f658e-83e8-4711-b8ec-02baa6160207",
            "templates": [
                {
                    "id": "1",
                    "statusCode": "200",
                    "method": "",
                    "extract": [],
                    "nextCommandId": "06b33f1f-0eba-4c42-93dc-26bdbdfda9b6"
                }
            ]
        },
        "extract": []
    },
    {
        "id": "6",
        "commandId": "06b33f1f-0eba-4c42-93dc-26bdbdfda9b6",
        "type": "SIP_Command",
        "subType": "SIP_Send_Request",
        "label": "Send UPDATE",
        "protocolDescription": "UPDATE inside Call Initiation Procedure. ",
        "successNextCommandId": "9d4f9c1b-2bfa-40a0-b55f-acda8ff97fee",
        "errorNextCommandId": "3c1f658e-83e8-4711-b8ec-02baa6160207",
        "requestUsed": {
            "type": "",
            "viaBranch": ""
        },
        "properties": {
            "delayBeforeExecution": 0,
            "duration": 0,
            "nonBlocking": false,
            "action": ""
        },
        "parameters": {
            "method": "UPDATE",
            "headers": "UPDATE |AUTO-REQUEST-URI| SIP/2.0\nVia: |AUTO-VIA|\nFrom: |AUTO-FROM|\nTo: |AUTO-TO|\nCall-ID: |AUTO-CALL-ID|\nCSeq: |AUTO-CSEQ|\nMax-Forwards: 70\nContent-Type: application/sdp\n",
            "body": {
                "source": "automatic",
                "body": "",
                "template": "sdpTemplateNone"
            },
            "dialogAction": {
                "type": "existing",
                "callId": "$SIP_CallId"
            },
            "timeout": 0,
            "timeoutNextCommandId": "",
            "templates": []
        },
        "extract": []
    },
    {
        "id": "7",
        "commandId": "9d4f9c1b-2bfa-40a0-b55f-acda8ff97fee",
        "type": "SIP_Command",
        "subType": "SIP_Wait_Response",
        "label": "Wait 200 UPDATE",
        "protocolDescription": "Wait responses for UPDATE.",
        "successNextCommandId": "",
        "errorNextCommandId": "3c1f658e-83e8-4711-b8ec-02baa6160207",
        "requestUsed": {
            "type": "",
            "viaBranch": ""
        },
        "properties": {
            "delayBeforeExecution": 0,
            "duration": 0,
            "nonBlocking": false,
            "action": ""
        },
        "parameters": {
            "method": "",
            "headers": "",
            "body": {
                "source": "",
                "body": "",
                "template": ""
            },
            "dialogAction": {
                "type": "",
                "callId": ""
            },
            "timeout": 32000,
            "timeoutNextCommandId": "3c1f658e-83e8-4711-b8ec-02baa6160207",
            "templates": [
                {
                    "id": "",
                    "statusCode": "200",
                    "method": "",
                    "extract": [],
                    "nextCommandId": "430b49f8-86f8-4a1f-a394-69eb25f6f235"
                }
            ]
        },
        "extract": []
    },
    {
        "id": "8",
        "commandId": "430b49f8-86f8-4a1f-a394-69eb25f6f235",
        "type": "SIP_Command",
        "subType": "SIP_Wait_Response",
        "label": "Wait 180 200 INVITE",
        "protocolDescription": "Wait responses for INVITE.",
        "successNextCommandId": "",
        "errorNextCommandId": "3c1f658e-83e8-4711-b8ec-02baa6160207",
        "requestUsed": {
            "type": "",
            "viaBranch": ""
        },
        "properties": {
            "delayBeforeExecution": 0,
            "duration": 0,
            "nonBlocking": false,
            "action": ""
        },
        "parameters": {
            "method": "",
            "headers": "",
            "body": {
                "source": "",
                "body": "",
                "template": ""
            },
            "dialogAction": {
                "type": "",
                "callId": ""
            },
            "timeout": 32000,
            "timeoutNextCommandId": "3c1f658e-83e8-4711-b8ec-02baa6160207",
            "templates": [
                {
                    "id": "1",
                    "statusCode": "200",
                    "method": "",
                    "extract": [],
                    "nextCommandId": "6a833113-3511-428a-9aa9-b7769491b949"
                },
                {
                    "id": "2",
                    "statusCode": "180",
                    "method": "",
                    "extract": [],
                    "nextCommandId": "430b49f8-86f8-4a1f-a394-69eb25f6f235"
                }
            ]
        },
        "extract": []
    },
    {
        "id": "9",
        "commandId": "6a833113-3511-428a-9aa9-b7769491b949",
        "type": "SIP_Command",
        "subType": "SIP_Send_Request",
        "label": "Send ACK",
        "protocolDescription": "ACK for 200 Ok response to INVITE.",
        "successNextCommandId": "3c1f658e-83e8-4711-b8ec-02baa6160207",
        "errorNextCommandId": "3c1f658e-83e8-4711-b8ec-02baa6160207",
        "requestUsed": {
            "type": "",
            "viaBranch": ""
        },
        "properties": {
            "delayBeforeExecution": 0,
            "duration": 0,
            "nonBlocking": false,
            "action": ""
        },
        "parameters": {
            "method": "ACK",
            "headers": "ACK |AUTO-REQUEST-URI| SIP/2.0\r\nVia: |AUTO-VIA|\r\nFrom: |AUTO-FROM|\r\nTo: |AUTO-TO|\r\nCall-ID: |AUTO-CALL-ID|\r\nCSeq: |AUTO-CSEQ|\r\nMax-Forwards: 70\r\n",
            "body": {
                "source": "none",
                "body": "",
                "template": ""
            },
            "dialogAction": {
                "type": "existing",
                "callId": "$SIP_CallId"
            },
            "timeout": 0,
            "timeoutNextCommandId": "",
            "templates": []
        },
        "extract": []
    },
    {
        "id": "13",
        "commandId": "41681b39-a9a2-49dc-b8db-3496c40e1074",
        "subType": "SIP_Send_Request",
        "label": "Send Request ACK for 4xx",
        "protocolDescription": "ACK for 4xx response to INVITE.",
        "successNextCommandId": "a83da82d-bdf9-4ba7-83fd-295c2d6e772d",
        "errorNextCommandId": "3c1f658e-83e8-4711-b8ec-02baa6160207",
        "requestUsed": {
            "type": "",
            "viaBranch": ""
        },
        "properties": {
            "delayBeforeExecution": 0,
            "duration": 60000,
            "nonBlocking": true,
            "action": ""
        },
        "parameters": {
            "method": "ACK",
            "headers": "ACK |AUTO-REQUEST-URI| SIP/2.0\nVia: |AUTO-VIA|\nFrom: |AUTO-FROM|\nTo: |AUTO-TO|\nCall-ID: |AUTO-CALL-ID|\nCSeq: |AUTO-CSEQ|\nMax-Forwards: 70",
            "body": {
                "source": "none",
                "body": "",
                "template": "sdpTemplateNone"
            },
            "dialogAction": {
                "type": "none",
                "callId": "$SIP_CallId"
            },
            "timeout": 0,
            "timeoutNextCommandId": "",
            "templates": []
        },
        "extract": []
    },
    {
        "id": "14",
        "commandId": "a83da82d-bdf9-4ba7-83fd-295c2d6e772d",
        "subType": "Flow_Think",
        "label": "Think",
        "protocolDescription": "Think for 40s.",
        "successNextCommandId": "3c1f658e-83e8-4711-b8ec-02baa6160207",
        "errorNextCommandId": "",
        "requestUsed": {
            "type": "",
            "viaBranch": ""
        },
        "properties": {
            "delayBeforeExecution": 0,
            "duration": 40000,
            "nonBlocking": true,
            "action": ""
        },
        "parameters": {
            "method": "",
            "headers": "",
            "body": {
                "source": "",
                "body": "",
                "template": ""
            },
            "dialogAction": {
                "type": "",
                "callId": ""
            },
            "timeout": 0,
            "timeoutNextCommandId": "",
            "templates": []
        },
        "extract": []
    },
    {
        "id": "12",
        "commandId": "3c1f658e-83e8-4711-b8ec-02baa6160207",
        "type": "Flow_Command",
        "subType": "Flow_Stop",
        "label": "Stop",
        "protocolDescription": "End of the procedure.",
        "successNextCommandId": "",
        "errorNextCommandId": "",
        "requestUsed": {
            "type": "",
            "viaBranch": ""
        },
        "properties": {
            "delayBeforeExecution": 0,
            "duration": 0,
            "nonBlocking": false,
            "action": ""
        },
        "parameters": {
            "method": "",
            "headers": "",
            "body": {
                "source": "",
                "body": "",
                "template": ""
            },
            "dialogAction": {
                "type": "",
                "callId": ""
            },
            "timeout": 0,
            "timeoutNextCommandId": "",
            "templates": []
        },
        "extract": []
    }
]