[{"id":"1","commandId":"b0b2821d-8388-4a73-9770-77d1321c833f","type":"Flow_Command","subType":"Flow_Start","label":"Start","protocolDescription":"Start of the procedure.","successNextCommandId":"170624ff-15df-4f8e-b07a-782e908f8413","errorNextCommandId":"","requestUsed":{"type":"","viaBranch":""},"properties":{"delayBeforeExecution":0,"duration":0,"nonBlocking":false,"action":""},"parameters":{"method":"","headers":"","body":{"source":"","body":"","template":""},"dialogAction":{"type":"","callId":""},"timeout":0,"timeoutNextCommandId":"","templates":[]},"extract":[]},{"id":"2","commandId":"170624ff-15df-4f8e-b07a-782e908f8413","type":"SIP_Command","subType":"SIP_Wait_Request","label":"Wait INVITE","protocolDescription":"Wait INVITE Request.","successNextCommandId":"","errorNextCommandId":"e1a3f733-2969-49d9-8c24-ef767e627162","requestUsed":{"type":"","viaBranch":""},"properties":{"delayBeforeExecution":0,"duration":0,"nonBlocking":false,"action":""},"parameters":{"method":"","headers":"","body":{"source":"","body":"","template":""},"dialogAction":{"type":"","callId":""},"timeout":3200000,"timeoutNextCommandId":"e1a3f733-2969-49d9-8c24-ef767e627162","templates":[{"id":"1","statusCode":"","method":"INVITE","extract":[{"id":"","what":"Via Branch","where":"$SIP_ViaBranch"}],"nextCommandId":"f2cd7ed7-f2d0-4503-81f9-0bb82cc464a2"}]},"extract":[]},{"id":"7","commandId":"f2cd7ed7-f2d0-4503-81f9-0bb82cc464a2","type":"SIP_Command","subType":"SIP_Send_Response","label":"Send 180 Ringing","protocolDescription":"Sending 180 Ringing.","successNextCommandId":"a63c2ab8-fafe-4504-87dc-82dac4088f97","errorNextCommandId":"e1a3f733-2969-49d9-8c24-ef767e627162","requestUsed":{"type":"last","viaBranch":""},"properties":{"delayBeforeExecution":0,"duration":0,"nonBlocking":false,"action":""},"parameters":{"method":"","headers":"SIP/2.0 180 Ringing\nVia: |AUTO-VIA|\nFrom: |AUTO-FROM|\nTo: |AUTO-TO|\nCall-ID: |AUTO-CALL-ID|\nCSeq: |AUTO-CSEQ|\nContact: |AUTO-CONTACT|\nMax-Forwards: 70\n","body":{"source":"automatic","body":"","template":"sdpTemplateNone"},"dialogAction":{"type":"","callId":""},"timeout":0,"timeoutNextCommandId":"","templates":[]},"extract":[{"id":"1","what":"Call-Id","where":"$SIP_CallId"}]},{"id":"9","commandId":"a63c2ab8-fafe-4504-87dc-82dac4088f97","type":"SIP_Command","subType":"SIP_Send_Response","label":"Send 200 OK INVITE","protocolDescription":"Sending 200 OK with SDP to INVITE request.","successNextCommandId":"e8b7a4df-9b80-4db2-bbae-b0de419ae8e3","errorNextCommandId":"e1a3f733-2969-49d9-8c24-ef767e627162","requestUsed":{"type":"last","viaBranch":"$SIP_ViaBranch"},"properties":{"delayBeforeExecution":2000,"duration":0,"nonBlocking":false,"action":""},"parameters":{"method":"","headers":"SIP/2.0 200 OK\nVia: |AUTO-VIA|\nFrom: |AUTO-FROM|\nTo: |AUTO-TO|\nCall-ID: |AUTO-CALL-ID|\nCSeq: |AUTO-CSEQ|\nContact: |AUTO-CONTACT|\nContent-Type: application/sdp\nMax-Forwards: 70\n","body":{"source":"automatic","body":"","template":"sdpTemplateNone"},"dialogAction":{"type":"","callId":""},"timeout":0,"timeoutNextCommandId":"","templates":[]},"extract":[]},{"id":"10","commandId":"e8b7a4df-9b80-4db2-bbae-b0de419ae8e3","type":"SIP_Command","subType":"SIP_Wait_Request","label":"Wait ACK","protocolDescription":"Wait ACK Request.","successNextCommandId":"","errorNextCommandId":"e1a3f733-2969-49d9-8c24-ef767e627162","requestUsed":{"type":"","viaBranch":""},"properties":{"delayBeforeExecution":0,"duration":0,"nonBlocking":false,"action":""},"parameters":{"method":"","headers":"","body":{"source":"","body":"","template":""},"dialogAction":{"type":"","callId":""},"timeout":32000,"timeoutNextCommandId":"e1a3f733-2969-49d9-8c24-ef767e627162","templates":[{"id":"1","statusCode":"","method":"ACK","extract":[],"nextCommandId":"e1a3f733-2969-49d9-8c24-ef767e627162"}]},"extract":[]},{"id":"11","commandId":"e1a3f733-2969-49d9-8c24-ef767e627162","type":"Flow_Command","subType":"Flow_Stop","label":"Stop","protocolDescription":"End of the procedure.","successNextCommandId":"","errorNextCommandId":"","requestUsed":{"type":"","viaBranch":""},"properties":{"delayBeforeExecution":0,"duration":0,"nonBlocking":false,"action":""},"parameters":{"method":"","headers":"","body":{"source":"","body":"","template":""},"dialogAction":{"type":"","callId":""},"timeout":0,"timeoutNextCommandId":"","templates":[]},"extract":[]}]