[{"id":"1","commandId":"4f3afc17-b672-4499-a1bf-c31bf4388f80","subType":"Flow_Start","label":"Start","protocolDescription":"Start of the procedure.","successNextCommandId":"372baeee-5d61-40c6-8648-cadd5efe2648","errorNextCommandId":"","requestUsed":{"type":"","viaBranch":""},"properties":{"delayBeforeExecution":0,"duration":60000,"nonBlocking":true,"action":""},"parameters":{"method":"","headers":"","body":{"source":"","body":"","template":""},"dialogAction":{"type":"","callId":""},"timeout":0,"timeoutNextCommandId":"","templates":[]},"extract":[]},{"id":"3","commandId":"372baeee-5d61-40c6-8648-cadd5efe2648","subType":"SIP_Wait_Request","label":"Wait BYE","protocolDescription":"Wait BYE request.","successNextCommandId":"","errorNextCommandId":"5e55645c-6609-459e-95cd-4c5a5e132c5a","requestUsed":{"type":"","viaBranch":""},"properties":{"delayBeforeExecution":0,"duration":60000,"nonBlocking":true,"action":""},"parameters":{"method":"","headers":"","body":{"source":"","body":"","template":""},"dialogAction":{"type":"","callId":""},"timeout":32000,"timeoutNextCommandId":"5e55645c-6609-459e-95cd-4c5a5e132c5a","templates":[{"id":"1","statusCode":"","method":"BYE","extract":[{"id":"1","what":"","where":""}],"nextCommandId":"04c6c435-0aed-4ee5-bcce-79773628d263"}]},"extract":[]},{"id":"4","commandId":"04c6c435-0aed-4ee5-bcce-79773628d263","subType":"SIP_Send_Response","label":"Send 200 OK BYE","protocolDescription":"","successNextCommandId":"5e55645c-6609-459e-95cd-4c5a5e132c5a","errorNextCommandId":"5e55645c-6609-459e-95cd-4c5a5e132c5a","requestUsed":{"type":"last","viaBranch":""},"properties":{"delayBeforeExecution":0,"duration":60000,"nonBlocking":true,"action":""},"parameters":{"method":"","headers":"SIP/2.0 200 OK\nVia: |AUTO-VIA|\nFrom: |AUTO-FROM|\nTo: |AUTO-TO|\nCall-ID: |AUTO-CALL-ID|\nCSeq: |AUTO-CSEQ|\nContact: |AUTO-CONTACT|\nMax-Forwards: 70","body":{"source":"none","body":"","template":"sdpTemplateNone"},"dialogAction":{"type":"","callId":""},"timeout":0,"timeoutNextCommandId":"","templates":null},"extract":null},{"id":"2","commandId":"5e55645c-6609-459e-95cd-4c5a5e132c5a","subType":"Flow_Stop","label":"Stop","protocolDescription":"End of the procedure.","successNextCommandId":"","errorNextCommandId":"","requestUsed":{"type":"","viaBranch":""},"properties":{"delayBeforeExecution":0,"duration":60000,"nonBlocking":true,"action":""},"parameters":{"method":"","headers":"","body":{"source":"","body":"","template":""},"dialogAction":{"type":"","callId":""},"timeout":0,"timeoutNextCommandId":"","templates":[]},"extract":[]}]