[
    {
        "id": "1",
        "commandId": "b0b2821d-8388-4a73-9770-77d1321c833f",
        "type": "Flow_Command",
        "subType": "Flow_Start",
        "label": "Start",
        "protocolDescription": "Start of the procedure.",
        "successNextCommandId": "170624ff-15df-4f8e-b07a-782e908f8413",
        "errorNextCommandId": "",
        "requestUsed": {
            "type": "",
            "viaBranch": ""
        },
        "properties": {
            "delayBeforeExecution": 0,
            "duration": 0,
            "nonBlocking": false,
            "action": ""
        },
        "parameters": {
            "method": "",
            "headers": "",
            "body": {
                "source": "",
                "body": "",
                "template": ""
            },
            "dialogAction": {
                "type": "",
                "callId": ""
            },
            "timeout": 0,
            "timeoutNextCommandId": "",
            "templates": []
        },
        "extract": []
    },
    {
        "id": "2",
        "commandId": "170624ff-15df-4f8e-b07a-782e908f8413",
        "type": "SIP_Command",
        "subType": "SIP_Wait_Request",
        "label": "Wait INVITE",
        "protocolDescription": "Wait INVITE Request.",
        "successNextCommandId": "",
        "errorNextCommandId": "e1a3f733-2969-49d9-8c24-ef767e627162",
        "requestUsed": {
            "type": "",
            "viaBranch": ""
        },
        "properties": {
            "delayBeforeExecution": 0,
            "duration": 0,
            "nonBlocking": false,
            "action": ""
        },
        "parameters": {
            "method": "",
            "headers": "",
            "body": {
                "source": "",
                "body": "",
                "template": ""
            },
            "dialogAction": {
                "type": "",
                "callId": ""
            },
            "timeout": 3200000,
            "timeoutNextCommandId": "e1a3f733-2969-49d9-8c24-ef767e627162",
            "templates": [
                {
                    "id": "1",
                    "statusCode": "",
                    "method": "INVITE",
                    "extract": [
                        {
                            "id": "",
                            "what": "Via Branch",
                            "where": "$SIP_ViaBranch"
                        }
                    ],
                    "nextCommandId": "afc1f82d-8ec5-4540-960f-602083b6c8b8"
                }
            ]
        },
        "extract": []
    },
    {
        "id": "3",
        "commandId": "afc1f82d-8ec5-4540-960f-602083b6c8b8",
        "type": "SIP_Command",
        "subType": "SIP_Send_Response",
        "label": "Send 183 INVITE",
        "protocolDescription": "Sending 183 Session Progress with SDP to INVITE.",
        "successNextCommandId": "1041c635-bff4-457a-9171-a1c80931839c",
        "errorNextCommandId": "e1a3f733-2969-49d9-8c24-ef767e627162",
        "requestUsed": {
            "type": "last",
            "viaBranch": ""
        },
        "properties": {
            "delayBeforeExecution": 0,
            "duration": 0,
            "nonBlocking": false,
            "action": ""
        },
        "parameters": {
            "method": "",
            "headers": "SIP/2.0 183 Session Progress\nVia: |AUTO-VIA|\nFrom: |AUTO-FROM|\nTo: |AUTO-TO|\nCall-ID: |AUTO-CALL-ID|\nCSeq: |AUTO-CSEQ|\nRSeq: 99\nContact: |AUTO-CONTACT|\nContent-Type: application/sdp\n",
            "body": {
                "source": "automatic",
                "body": "",
                "template": ""
            },
            "dialogAction": {
                "type": "",
                "callId": ""
            },
            "timeout": 0,
            "timeoutNextCommandId": "",
            "templates": []
        },
        "extract": [
            {
                "id": "1",
                "what": "Call-Id",
                "where": "$SIP_CallId"
            }
        ]
    },
    {
        "id": "4",
        "commandId": "1041c635-bff4-457a-9171-a1c80931839c",
        "type": "SIP_Command",
        "subType": "SIP_Wait_Request",
        "label": "Wait PRACK",
        "protocolDescription": "Wait PRACK Request.",
        "successNextCommandId": "",
        "errorNextCommandId": "e1a3f733-2969-49d9-8c24-ef767e627162",
        "requestUsed": {
            "type": "",
            "viaBranch": ""
        },
        "properties": {
            "delayBeforeExecution": 0,
            "duration": 0,
            "nonBlocking": false,
            "action": ""
        },
        "parameters": {
            "method": "",
            "headers": "",
            "body": {
                "source": "",
                "body": "",
                "template": ""
            },
            "dialogAction": {
                "type": "",
                "callId": ""
            },
            "timeout": 32000,
            "timeoutNextCommandId": "e1a3f733-2969-49d9-8c24-ef767e627162",
            "templates": [
                {
                    "id": "1",
                    "statusCode": "",
                    "method": "PRACK",
                    "extract": [],
                    "nextCommandId": "b9a27045-10b7-4525-825a-4257f9100bef"
                }
            ]
        },
        "extract": []
    },
    {
        "id": "5",
        "commandId": "b9a27045-10b7-4525-825a-4257f9100bef",
        "type": "SIP_Command",
        "subType": "SIP_Send_Response",
        "label": "Send 200 PRACK",
        "protocolDescription": "Sending 200 OK to PRACK request.",
        "successNextCommandId": "d7a19406-a366-4f66-926a-33caa1cd501e",
        "errorNextCommandId": "e1a3f733-2969-49d9-8c24-ef767e627162",
        "requestUsed": {
            "type": "last",
            "viaBranch": ""
        },
        "properties": {
            "delayBeforeExecution": 0,
            "duration": 0,
            "nonBlocking": false,
            "action": ""
        },
        "parameters": {
            "method": "",
            "headers": "SIP/2.0 200 OK\r\nVia: |AUTO-VIA|\r\nFrom: |AUTO-FROM|\r\nTo: |AUTO-TO|\r\nCall-ID: |AUTO-CALL-ID|\r\nCSeq: |AUTO-CSEQ|\r\nContact: |AUTO-CONTACT|\r\n",
            "body": {
                "source": "none",
                "body": "",
                "template": ""
            },
            "dialogAction": {
                "type": "",
                "callId": ""
            },
            "timeout": 0,
            "timeoutNextCommandId": "",
            "templates": []
        },
        "extract": []
    },
    {
        "id": "6",
        "commandId": "d7a19406-a366-4f66-926a-33caa1cd501e",
        "type": "SIP_Command",
        "subType": "SIP_Wait_Request",
        "label": "Wait UPDATE",
        "protocolDescription": "Wait UPDATE Request.",
        "successNextCommandId": "",
        "errorNextCommandId": "e1a3f733-2969-49d9-8c24-ef767e627162",
        "requestUsed": {
            "type": "",
            "viaBranch": ""
        },
        "properties": {
            "delayBeforeExecution": 0,
            "duration": 0,
            "nonBlocking": false,
            "action": ""
        },
        "parameters": {
            "method": "",
            "headers": "",
            "body": {
                "source": "",
                "body": "",
                "template": ""
            },
            "dialogAction": {
                "type": "",
                "callId": ""
            },
            "timeout": 32000,
            "timeoutNextCommandId": "e1a3f733-2969-49d9-8c24-ef767e627162",
            "templates": [
                {
                    "id": "1",
                    "statusCode": "",
                    "method": "UPDATE",
                    "extract": [],
                    "nextCommandId": "f2cd7ed7-f2d0-4503-81f9-0bb82cc464a2"
                }
            ]
        },
        "extract": []
    },
    {
        "id": "7",
        "commandId": "f2cd7ed7-f2d0-4503-81f9-0bb82cc464a2",
        "type": "SIP_Command",
        "subType": "SIP_Send_Response",
        "label": "Send 200 UPDATE",
        "protocolDescription": "Sending 200 OK with SDP to UPDATE request. ",
        "successNextCommandId": "7ad24216-3f9a-46f6-8d0d-8ef5d0f5a577",
        "errorNextCommandId": "e1a3f733-2969-49d9-8c24-ef767e627162",
        "requestUsed": {
            "type": "last",
            "viaBranch": ""
        },
        "properties": {
            "delayBeforeExecution": 0,
            "duration": 0,
            "nonBlocking": false,
            "action": ""
        },
        "parameters": {
            "method": "",
            "headers": "SIP/2.0 200 OK\nVia: |AUTO-VIA|\nFrom: |AUTO-FROM|\nTo: |AUTO-TO|\nCall-ID: |AUTO-CALL-ID|\nCSeq: |AUTO-CSEQ|\nContact: |AUTO-CONTACT|\nContent-Type: application/sdp\nMax-Forwards: 70\n",
            "body": {
                "source": "automatic",
                "body": "",
                "template": "sdpTemplateNone"
            },
            "dialogAction": {
                "type": "",
                "callId": ""
            },
            "timeout": 0,
            "timeoutNextCommandId": "",
            "templates": []
        },
        "extract": []
    },
    {
        "id": "8",
        "commandId": "7ad24216-3f9a-46f6-8d0d-8ef5d0f5a577",
        "type": "SIP_Command",
        "subType": "SIP_Send_Response",
        "label": "Send 180 INVITE",
        "protocolDescription": "Sending 180 Ringing to INVITE request.",
        "successNextCommandId": "a63c2ab8-fafe-4504-87dc-82dac4088f97",
        "errorNextCommandId": "e1a3f733-2969-49d9-8c24-ef767e627162",
        "requestUsed": {
            "type": "withViaBranch",
            "viaBranch": "$SIP_ViaBranch"
        },
        "properties": {
            "delayBeforeExecution": 0,
            "duration": 0,
            "nonBlocking": false,
            "action": ""
        },
        "parameters": {
            "method": "",
            "headers": "SIP/2.0 180 Ringing\nVia: |AUTO-VIA|\nFrom: |AUTO-FROM|\nTo: |AUTO-TO|\nCall-ID: |AUTO-CALL-ID|\nCSeq: |AUTO-CSEQ|\nContact: |AUTO-CONTACT|\nMax-Forwards: 70\n",
            "body": {
                "source": "none",
                "body": "",
                "template": ""
            },
            "dialogAction": {
                "type": "",
                "callId": ""
            },
            "timeout": 0,
            "timeoutNextCommandId": "",
            "templates": []
        },
        "extract": []
    },
    {
        "id": "9",
        "commandId": "a63c2ab8-fafe-4504-87dc-82dac4088f97",
        "type": "SIP_Command",
        "subType": "SIP_Send_Response",
        "label": "Send 200 INVITE",
        "protocolDescription": "Sending 200 OK to INVITE request.",
        "successNextCommandId": "e8b7a4df-9b80-4db2-bbae-b0de419ae8e3",
        "errorNextCommandId": "e1a3f733-2969-49d9-8c24-ef767e627162",
        "requestUsed": {
            "type": "withViaBranch",
            "viaBranch": "$SIP_ViaBranch"
        },
        "properties": {
            "delayBeforeExecution": 2000,
            "duration": 0,
            "nonBlocking": false,
            "action": ""
        },
        "parameters": {
            "method": "",
            "headers": "SIP/2.0 200 OK\nVia: |AUTO-VIA|\nFrom: |AUTO-FROM|\nTo: |AUTO-TO|\nCall-ID: |AUTO-CALL-ID|\nCSeq: |AUTO-CSEQ|\nContact: |AUTO-CONTACT|\nMax-Forwards: 70\n",
            "body": {
                "source": "none",
                "body": "",
                "template": ""
            },
            "dialogAction": {
                "type": "",
                "callId": ""
            },
            "timeout": 0,
            "timeoutNextCommandId": "",
            "templates": []
        },
        "extract": []
    },
    {
        "id": "10",
        "commandId": "e8b7a4df-9b80-4db2-bbae-b0de419ae8e3",
        "type": "SIP_Command",
        "subType": "SIP_Wait_Request",
        "label": "Wait ACK",
        "protocolDescription": "Wait ACK Request.",
        "successNextCommandId": "",
        "errorNextCommandId": "e1a3f733-2969-49d9-8c24-ef767e627162",
        "requestUsed": {
            "type": "",
            "viaBranch": ""
        },
        "properties": {
            "delayBeforeExecution": 0,
            "duration": 0,
            "nonBlocking": false,
            "action": ""
        },
        "parameters": {
            "method": "",
            "headers": "",
            "body": {
                "source": "",
                "body": "",
                "template": ""
            },
            "dialogAction": {
                "type": "",
                "callId": ""
            },
            "timeout": 32000,
            "timeoutNextCommandId": "e1a3f733-2969-49d9-8c24-ef767e627162",
            "templates": [
                {
                    "id": "1",
                    "statusCode": "",
                    "method": "ACK",
                    "extract": [],
                    "nextCommandId": "e1a3f733-2969-49d9-8c24-ef767e627162"
                }
            ]
        },
        "extract": []
    },
    {
        "id": "11",
        "commandId": "e1a3f733-2969-49d9-8c24-ef767e627162",
        "type": "Flow_Command",
        "subType": "Flow_Stop",
        "label": "Stop",
        "protocolDescription": "End of the procedure.",
        "successNextCommandId": "",
        "errorNextCommandId": "",
        "requestUsed": {
            "type": "",
            "viaBranch": ""
        },
        "properties": {
            "delayBeforeExecution": 0,
            "duration": 0,
            "nonBlocking": false,
            "action": ""
        },
        "parameters": {
            "method": "",
            "headers": "",
            "body": {
                "source": "",
                "body": "",
                "template": ""
            },
            "dialogAction": {
                "type": "",
                "callId": ""
            },
            "timeout": 0,
            "timeoutNextCommandId": "",
            "templates": []
        },
        "extract": []
    }
]