[{"id":"1","commandId":"b5660695-f392-45fb-86c4-f0fb49d51afc","type":"Flow_Command","subType":"Flow_Start","label":"Start","protocolDescription":"Marks the start of a procedure.","successNextCommandId":"ebad8479-2f5b-4d3b-988f-d53cf586fda1","errorNextCommandId":"","requestUsed":{"type":"","viaBranch":""},"properties":{"delayBeforeExecution":0,"duration":0,"nonBlocking":false,"action":""},"parameters":{"method":"","headers":"","body":{"source":"","body":"","template":""},"dialogAction":{"type":"","callId":""},"timeout":0,"timeoutNextCommandId":"","templates":[]},"extract":[]},{"id":"2","commandId":"ebad8479-2f5b-4d3b-988f-d53cf586fda1","type":"SIP_Command","subType":"SIP_Send_Request","label":"Send REGISTER","protocolDescription":"First REGISTER Request.","successNextCommandId":"d2c4765e-d256-4c4d-af19-02e29074d63a","errorNextCommandId":"5459add2-b0bd-4724-81b6-1a0b9bbc2ee7","requestUsed":{"type":"","viaBranch":""},"properties":{"delayBeforeExecution":0,"duration":0,"nonBlocking":false,"action":""},"parameters":{"method":"REGISTER","headers":"REGISTER |AUTO-REQUEST-URI| SIP/2.0\nVia: |AUTO-VIA|\nFrom: |AUTO-FROM|\nTo: |AUTO-TO|\nCall-ID: |AUTO-CALL-ID|\nCSeq: |AUTO-CSEQ|\nMax-Forwards: 70\nContact: |AUTO-CONTACT|\nP-Preferred-Identity: \u003csip:|VOIP_PrivateIdentity|@|VOIP_Domain|\u003e\nP-Access-Network-Info: 3GPP-E-UTRAN-FDD;e-utran-cell-id-3gpp=31118000ff210054d0300\nExpires: 3600\n","body":{"source":"none","body":"","template":""},"dialogAction":{"type":"none","callId":""},"timeout":0,"timeoutNextCommandId":"","templates":[]},"extract":[]},{"id":"3","commandId":"d2c4765e-d256-4c4d-af19-02e29074d63a","type":"SIP_Command","subType":"SIP_Wait_Response","label":"Wait 401 200 REGISTRATION","protocolDescription":"Wait for REGISTRATION response.","successNextCommandId":"","errorNextCommandId":"5459add2-b0bd-4724-81b6-1a0b9bbc2ee7","requestUsed":{"type":"","viaBranch":""},"properties":{"delayBeforeExecution":0,"duration":0,"nonBlocking":false,"action":""},"parameters":{"method":"","headers":"","body":{"source":"","body":"","template":""},"dialogAction":{"type":"","callId":""},"timeout":32000,"timeoutNextCommandId":"5459add2-b0bd-4724-81b6-1a0b9bbc2ee7","templates":[{"id":"1","statusCode":"401","method":"","extract":[],"nextCommandId":"ee36b466-0e02-4e73-908e-2c1a7edbc127"},{"id":"2","statusCode":"200","method":"","extract":[],"nextCommandId":"5459add2-b0bd-4724-81b6-1a0b9bbc2ee7"}]},"extract":[]},{"id":"4","commandId":"ee36b466-0e02-4e73-908e-2c1a7edbc127","type":"SIP_Command","subType":"SIP_Send_Request","label":"Send Auth REGISTER","protocolDescription":"REGISTER Request with authentication information.","successNextCommandId":"65d5a0a7-dac2-47af-b9d1-ef2ca01a56dc","errorNextCommandId":"5459add2-b0bd-4724-81b6-1a0b9bbc2ee7","requestUsed":{"type":"","viaBranch":""},"properties":{"delayBeforeExecution":0,"duration":0,"nonBlocking":false,"action":""},"parameters":{"method":"REGISTER","headers":"REGISTER |AUTO-REQUEST-URI| SIP/2.0\nVia: |AUTO-VIA|\nFrom: |AUTO-FROM|\nTo: |AUTO-TO|\nCall-ID: |AUTO-CALL-ID|\nCSeq: |AUTO-CSEQ|\nMax-Forwards: 70\nContact: |AUTO-CONTACT|\nP-Preferred-Identity: \u003csip:|VOIP_PrivateIdentity|@|VOIP_Domain|\u003e\nP-Access-Network-Info: 3GPP-E-UTRAN-FDD;e-utran-cell-id-3gpp=31118000ff210054d0300\nExpires: 3600\n","body":{"source":"none","body":"","template":""},"dialogAction":{"type":"none","callId":""},"timeout":0,"timeoutNextCommandId":"","templates":[]},"extract":[]},{"id":"5","commandId":"65d5a0a7-dac2-47af-b9d1-ef2ca01a56dc","type":"SIP_Command","subType":"SIP_Wait_Response","label":"Wait 200 REGISTRATION","protocolDescription":"Wait for REGISTRATION response.","successNextCommandId":"","errorNextCommandId":"5459add2-b0bd-4724-81b6-1a0b9bbc2ee7","requestUsed":{"type":"","viaBranch":""},"properties":{"delayBeforeExecution":0,"duration":0,"nonBlocking":false,"action":""},"parameters":{"method":"","headers":"","body":{"source":"","body":"","template":""},"dialogAction":{"type":"","callId":""},"timeout":32000,"timeoutNextCommandId":"5459add2-b0bd-4724-81b6-1a0b9bbc2ee7","templates":[{"id":"1","statusCode":"200","method":"","extract":[],"nextCommandId":"5459add2-b0bd-4724-81b6-1a0b9bbc2ee7"}]},"extract":[]},{"id":"10","commandId":"5459add2-b0bd-4724-81b6-1a0b9bbc2ee7","subType":"Flow_Stop","label":"Stop","protocolDescription":"","successNextCommandId":"","errorNextCommandId":"","requestUsed":{"type":"","viaBranch":""},"properties":{"delayBeforeExecution":0,"duration":60000,"nonBlocking":false,"action":""},"parameters":{"method":"","headers":"","body":{"source":"","body":"","template":""},"dialogAction":{"type":"","callId":""},"timeout":0,"timeoutNextCommandId":"","templates":null},"extract":null}]