[
    {
        "id": "2",
        "commandId": "start iteration",
        "type": "Flow_Command",
        "subType": "Flow_Start",
        "label": "START",
        "protocolDescription": "Start of the iteration.",
        "successNextCommandId": "start iteration",
        "errorNextCommandId": "",
        "requestUsed": {
            "type": "",
            "viaBranch": ""
        },
        "properties": {
            "delayBeforeExecution": 0,
            "duration": 0,
            "nonBlocking": false,
            "action": ""
        },
        "parameters": {
            "method": "",
            "headers": "",
            "body": {
                "source": "",
                "body": "",
                "template": ""
            },
            "dialogAction": {
                "type": "",
                "callId": ""
            },
            "timeout": 0,
            "timeoutNextCommandId": "",
            "templates": null
        },
        "extract": null
    }
]