Timestamp epoch ms,publisher.keyword,agentip.keyword,1xx,2xx,3xx,4xx,5xx,Requests
0,udm-post@datachangenotification.ue-context-in-smsf-data,10.38.154.137,0,0,0,0,0,0
0,udm-post@datachangenotification.ue-context-in-smf-data,10.38.154.137,0,0,0,0,0,0
0,udm-post@datachangenotification.smsf-mng-data,10.38.154.137,0,0,0,0,0,0
0,udm-post@datachangenotification.sms-data,10.38.154.137,0,0,0,0,0,0
0,udm-post@datachangenotification.smf-select-data,10.38.154.137,0,0,0,0,0,0
0,udm-post@datachangenotification.sm-data,10.38.154.137,0,0,0,0,0,0
0,udm-post@datachangenotification.nssai,10.38.154.137,0,0,0,0,0,0
0,udm-post@datachangenotification.am-data,10.38.154.137,0,0,0,0,0,0
0,udm-post@datachangenotification.allresources,10.38.154.137,0,0,0,0,0,0
