Timestamp epoch ms,publisher.keyword,agentip.keyword,1xx,2xx,3xx,4xx,5xx,Requests
0,put@nausf-auth.v1.ue-authentications.(authctxid).5g-aka-confirmation,10.38.154.137,0,100,0,0,0,100
0,post@nausf-auth.v1.ue-authentications.(authctxid).eap-session,10.38.154.137,0,0,0,0,0,0
0,post@nausf-auth.v1.ue-authentications,10.38.154.137,0,100,0,0,0,100
0,amf-put@nausf-auth.v1.ue-authentications.(authctxid).5g-aka-confirmation,10.38.154.137,0,100,0,0,0,100
0,amf-post@nausf-auth.v1.ue-authentications,10.38.154.137,0,100,0,0,0,100
