{
  "charts": [
    {
      "name": "keycloak-operator-chart",
      "chartName": "keycloak-operator-chart",
      "version": "4.2.0",
      "updatedVersion": "4.2.0",
      "versionRange": "~4.2.0",
      "registryValuesPaths": [
        "keycloak-operator.keycloakOperator.image.registry",
        "keycloak-operator.keycloakOperator.jobCleanupImage.registry",
        "keycloak-operator.keycloak.relatedImage.registry",
        "keycloak-operator.keycloak.customUiRelatedImage.registry",
        "keycloak-operator.keycloak.pauseImage.registry",
        "keycloak-operator.keycloak.initContainer.relatedImage.registry",
        "keycloak-operator.keycloak.postgresql.relatedImage.registry",
        "crds-cleanup.jobCleanupImage.registry"
      ],
      "imagePullSecretsValuesPaths": [
        "keycloak-operator.keycloakOperator.imagePullSecrets",
        "keycloak-operator.keycloak.imagePullSecrets",
        "keycloak-operator.imagePullSecrets",
        "crds-cleanup.imagePullSecrets"
      ],
      "releaseName": "keycloak-operator",
      "releaseNamespace": "kcos-sso",
      "chartFile": "./helm_charts/keycloak-operator-chart-4.2.0.tgz",
      "updatedChartFile": "./helm_charts/keycloak-operator-chart-4.2.0.tgz",
      "userValuesFile": "keycloak-operator-values.yaml",
      "updatedUserValuesFile": "keycloak-operator-values.yaml"
    },
    {
      "name": "kcos-keycloak-operator-crds-chart",
      "chartName": "kcos-keycloak-operator-crds-chart",
      "version": "4.2.0",
      "updatedVersion": "4.2.0",
      "versionRange": "~4.2.0",
      "registryValuesPaths": [],
      "imagePullSecretsValuesPaths": [],
      "releaseName": "kcos-keycloak-operator-crds",
      "releaseNamespace": "kcos-sso",
      "chartFile": "./helm_charts/kcos-keycloak-operator-crds-chart-4.2.0.tgz",
      "updatedChartFile": "./helm_charts/kcos-keycloak-operator-crds-chart-4.2.0.tgz",
      "userValuesFile": "kcos-keycloak-operator-crds-values.yaml",
      "updatedUserValuesFile": "kcos-keycloak-operator-crds-values.yaml"
    },
    {
      "name": "kcos-sso-chart",
      "chartName": "kcos-sso-chart",
      "version": "4.2.0",
      "updatedVersion": "4.2.0",
      "versionRange": "~4.2.0",
      "registryValuesPaths": [
        "kcos-sso.kcos-keycloak.authproxy.image.registry",
        "kcos-sso.kcos-keycloak.authproxy.initContainer.image.registry",
        "kcos-better-crd-adopter.jobAdopt.image.registry"
      ],
      "imagePullSecretsValuesPaths": [
        "kcos-sso.kcos-keycloak.imagePullSecrets",
        "kcos-better-crd-adopter.imagePullSecrets"
      ],
      "releaseName": "kcos-sso",
      "releaseNamespace": "kcos-sso",
      "chartFile": "./helm_charts/kcos-sso-chart-4.2.0.tgz",
      "updatedChartFile": "./helm_charts/kcos-sso-chart-4.2.0.tgz",
      "userValuesFile": "kcos-sso-values.yaml",
      "updatedUserValuesFile": "kcos-sso-values.yaml"
    },
    {
      "name": "kcos-framework-chart",
      "chartName": "kcos-framework-chart",
      "version": "4.2.0",
      "updatedVersion": "4.2.0",
      "versionRange": "~4.2.0",
      "registryValuesPaths": [
        "kcos-ingress.image.remoteRepository",
        "kcos-ingress.ingress-nginx.controller.image.registry",
        "kcos-ingress.ingress-nginx.defaultBackend.image.registry",
        "kcos-ingress.ingress-nginx.admissionWebhooks.patch.image.registry",
        "kcos-ingress.configMapMerger.remoteRegistry",
        "kcos-framework.kcos-eula.image.repository",
        "kcos-framework.kcos-logging-framework.image.repository",
        "kcos-framework.kcos-logging-framework.image.remoteRepository",
        "kcos-framework.kcos-postgresql.image.remoteRepository",
        "kcos-framework.kcos-postgresql.postgresql.image.registry",
        "kcos-framework.kcos-postgresql.postgresql.volumePermissions.image.registry",
        "kcos-framework.kcos-postgresql.postgresql.metrics.image.registry",
        "kcos-framework.kcos-system-diagnostics.image.repository"
      ],
      "imagePullSecretsValuesPaths": [
        "kcos-ingress.imagePullSecrets",
        "kcos-ingress.ingress-nginx.imagePullSecrets",
        "kcos-framework.kcos-eula.imagePullSecrets",
        "kcos-framework.kcos-logging-framework.imagePullSecrets",
        "kcos-framework.kcos-postgresql.imagePullSecrets",
        "kcos-framework.kcos-postgresql.postgresql.global.imagePullSecrets",
        "kcos-framework.kcos-postgresql.postgresql.image.pullSecrets",
        "kcos-framework.kcos-postgresql.postgresql.volumePermissions.image.pullSecrets",
        "kcos-framework.kcos-postgresql.postgresql.metrics.image.pullSecrets",
        "kcos-framework.kcos-postgresql.postgresql.imagePullSecrets",
        "kcos-framework.kcos-system-diagnostics.imagePullSecrets"
      ],
      "releaseName": "kcos-framework",
      "releaseNamespace": "kcos-framework",
      "chartFile": "./helm_charts/kcos-framework-chart-4.2.0.tgz",
      "updatedChartFile": "./helm_charts/kcos-framework-chart-4.2.0.tgz",
      "userValuesFile": "kcos-framework-values.yaml",
      "updatedUserValuesFile": "kcos-framework-values.yaml"
    },
    {
      "name": "kcos-licensing-chart",
      "chartName": "kcos-licensing-chart",
      "version": "4.2.0",
      "updatedVersion": "4.2.0",
      "versionRange": "~4.2.0",
      "registryValuesPaths": [
        "kcos-licensing.image.repository",
        "kcos-licensing.image.remoteRepository",
        "kcos-licensing.hostid.registry",
        "kcos-licensing.labelJob.image.registry",
        "kcos-licensing.initContainer.image.registry"
      ],
      "imagePullSecretsValuesPaths": [
        "kcos-licensing.imagePullSecrets"
      ],
      "releaseName": "kcos-licensing",
      "releaseNamespace": "kcos-licensing",
      "chartFile": "./helm_charts/kcos-licensing-chart-4.2.0.tgz",
      "updatedChartFile": "./helm_charts/kcos-licensing-chart-4.2.0.tgz",
      "userValuesFile": "kcos-licensing-values.yaml",
      "updatedUserValuesFile": "kcos-licensing-values.yaml"
    },
    {
      "name": "keysight-wap-bootstrap-chart",
      "chartName": "keysight-wap-bootstrap-chart",
      "version": "4.2.0",
      "updatedVersion": "4.2.0",
      "versionRange": "~4.2.0",
      "registryValuesPaths": [
        "wap-db.image.migrationJobRepository",
        "wap-db.image.remoteRepository",
        "wap-db.image.pgRepository",
        "wap-db.postgresql.image.registry"
      ],
      "imagePullSecretsValuesPaths": [
        "wap-db.postgresql.image.pullSecrets",
        "wap-db.imagePullSecrets"
      ],
      "releaseName": "keysight-wap-bootstrap",
      "releaseNamespace": "keysight-wap",
      "chartFile": "./helm_charts/keysight-wap-bootstrap-chart-4.2.0.tgz",
      "updatedChartFile": "./helm_charts/keysight-wap-bootstrap-chart-4.2.0.tgz",
      "userValuesFile": "keysight-wap-bootstrap-values.yaml",
      "updatedUserValuesFile": "keysight-wap-bootstrap-values.yaml"
    },
    {
      "name": "keysight-wap-chart",
      "chartName": "keysight-wap-chart",
      "version": "4.2.0",
      "updatedVersion": "4.2.0",
      "versionRange": "~4.2.0",
      "registryValuesPaths": [
        "wap-msg-broker.image.repository",
        "wap-msg-broker.image.pgRepository",
        "wap-msg-broker.natsCore.server.registry",
        "wap-msg-broker.natsCore.reloader.registry",
        "wap-msg-broker.natsStreaming.image.registry",
        "wap-msg-broker.nats-operator.image.registry",
        "wap-storage.minio.image.registry",
        "wap-storage.minio.mcImage.registry",
        "wap-logging.image.repository",
        "wap-logging.image.elasticInitRepository",
        "wap-logging.image.pgRepository",
        "wap-logging.image.fbRepository",
        "wap-core.image.repository",
        "wap-core.image.pgRepository",
        "wap-notifications.image.repository",
        "wap-notifications.image.testRepository",
        "wap-notifications.image.pgRepository",
        "wap-test-core.image.repository",
        "wap-test-core.image.remoteRepository",
        "wap-test-core.image.pgRepository",
        "wap-ui.image.repository",
        "rest-api-browser.image.repository",
        "rest-api-browser.image.remoteRepository",
        "rest-api-browser-v1.image.repository",
        "rest-api-browser-v1.image.remoteRepository",
        "websocket-service.image.repository",
        "wap-stats-dashboards.image.repository",
        "wap-stats-dashboards.image.pgRepository",
        "wap-appsec.image.repository",
        "wap-appsec.image.remoteRepository",
        "wap-appsec.image.pgRepository",
        "wap-system-monitor.image.repository",
        "wap-system-monitor.image.remoteRepository",
        "wap-system-monitor.database.image.repository",
        "load-core.image.repository",
        "load-core.image.pgRepository"
      ],
      "imagePullSecretsValuesPaths": [
        "wap-msg-broker.nats-operator.imagePullSecrets",
        "wap-msg-broker.imagePullSecrets",
        "wap-storage.minio.imagePullSecrets",
        "wap-logging.imagePullSecrets",
        "wap-core.imagePullSecrets",
        "wap-notifications.imagePullSecrets",
        "wap-test-core.imagePullSecrets",
        "wap-ui.imagePullSecrets",
        "rest-api-browser.imagePullSecrets",
        "rest-api-browser-v1.imagePullSecrets",
        "websocket-service.imagePullSecrets",
        "wap-stats-dashboards.imagePullSecrets",
        "wap-appsec.imagePullSecrets",
        "wap-system-monitor.imagePullSecrets",
        "load-core.imagePullSecrets"
      ],
      "releaseName": "keysight-wap",
      "releaseNamespace": "keysight-wap",
      "chartFile": "./helm_charts/keysight-wap-chart-4.2.0.tgz",
      "updatedChartFile": "./helm_charts/keysight-wap-chart-4.2.0.tgz",
      "userValuesFile": "keysight-wap-values.yaml",
      "updatedUserValuesFile": "keysight-wap-values.yaml"
    },
    {
      "name": "loadcore-agents-operator-chart",
      "chartName": "loadcore-agents-operator-chart",
      "version": "4.2.0",
      "updatedVersion": "4.2.1",
      "versionRange": "~4.2.0",
      "registryValuesPaths": [ "image.registry", "kubeRbacProxyImage.registry" ],
      "imagePullSecretsValuesPaths": [ "imagePullSecrets" ],
      "releaseName": "loadcore-agents-operator",
      "releaseNamespace": "keysight-loadcore-agents",
      "chartFile": "./helm_charts/loadcore-agents-operator-chart-4.2.0.tgz",
      "updatedChartFile": "./helm_charts/loadcore-agents-operator-chart-4.2.0.tgz",
      "userValuesFile": "loadcore-agents-operator-values.yaml",
      "updatedUserValuesFile": "loadcore-agents-operator-values.yaml"
    },
    {
      "name": "loadcore-agents-chart",
      "chartName": "loadcore-agents-chart",
      "version": "4.2.0",
      "updatedVersion": "4.2.1",
      "versionRange": "~4.2.0",
      "registryValuesPaths": [ "agentsConfig.image.registry"],
      "imagePullSecretsValuesPaths": [ "agentsConfig.imagePullSecrets" ],
      "releaseName": "loadcore-agents",
      "releaseNamespace": "keysight-loadcore-agents",
      "chartFile": "./helm_charts/loadcore-agents-chart-4.2.0.tgz",
      "updatedChartFile": "./helm_charts/loadcore-agents-chart-4.2.0.tgz",
      "userValuesFile": "loadcore-agents-values.yaml",
      "updatedUserValuesFile": "loadcore-agents-operator-values.yaml"
    }
  ]
}
