{
  "images": [
    {
      "name": "agent-controller",
      "version": "1.0.11323-releaseloadcore42"
    },
    {
      "name": "agent-diagnostics-service",
      "version": "1.0.11323-releaseloadcore42"
    },
    {
      "name": "appsec-data-model",
      "version": "1.0.11323-releaseloadcore42"
    },
    {
      "name": "appsec-resource-service",
      "version": "1.0.11323-releaseloadcore42"
    },
    {
      "name": "ati-updates-job",
      "version": "1.0.10673-releaseloadcore42"
    },
    {
      "name": "bitnami/kubectl",
      "version": "1.17"
    },
    {
      "name": "bitnami/kubectl",
      "version": "1.20"
    },
    {
      "name": "bitnami/kubectl",
      "version": "1.22"
    },
    {
      "name": "bitnami/postgresql",
      "version": "14.2.0-debian-10-r44"
    },
    {
      "name": "bitnami/postgresql",
      "version": "11.9.0-debian-10-r1"
    },
    {
      "name": "busybox",
      "version": "1.34.1"
    },
    {
      "name": "busybox-curl",
      "version": "1.0.0"
    },
    {
      "name": "calibration-service",
      "version": "1.0.11323-releaseloadcore42"
    },
    {
      "name": "chisel-server",
      "version": "1.0.11323-releaseloadcore42"
    },
    {
      "name": "chisel-tunnel",
      "version": "1.0.11323-releaseloadcore42"
    },
    {
      "name": "config-service",
      "version": "1.0.11323-releaseloadcore42"
    },
    {
      "name": "connecteverything/nats-server-config-reloader",
      "version": "0.4.5-v1alpha2"
    },
    {
      "name": "connecteverything/nats-server-config-reloader",
      "version": "0.6.0"
    },
    {
      "name": "dataseq-service",
      "version": "1.0.11323-releaseloadcore42"
    },
    {
      "name": "flant/shell-operator",
      "version": "v1.0.1"
    },
    {
      "name": "fluent/fluent-bit",
      "version": "1.8.12"
    },
    {
      "name": "ingress-nginx/controller",
      "version": "v1.5.1"
    },
    {
      "name": "jobs-service",
      "version": "1.0.11323-releaseloadcore42"
    },
    {
      "name": "jobs-service",
      "version": "4.2.0-3747-329"
    },
    {
      "name": "kcos-auth-proxy",
      "version": "0.15.28_20230420.152824.2ac791ba"
    },
    {
      "name": "kcos-coredns-fixup",
      "version": "0.1.0_20220301.060823.b4827f24"
    },
    {
      "name": "kcos-deployment-service",
      "version": "0.16.7"
    },
    {
      "name": "kcos-deployment-service-tpm",
      "version": "0.16.7"
    },
    {
      "name": "kcos-deployment-update-certs-to-deprecated",
      "version": "0.16.7"
    },
    {
      "name": "kcos-eula",
      "version": "0.8.4_20220718.162225.d934e2b9"
    },
    {
      "name": "kcos-keycloak",
      "version": "0.15.28_20230420.152824.2ac791ba"
    },
    {
      "name": "kcos-keycloak-custom-ui",
      "version": "0.15.28_20230420.152824.2ac791ba"
    },
    {
      "name": "kcos-keycloak-init-container",
      "version": "0.15.28_20230420.152824.2ac791ba"
    },
    {
      "name": "kcos-keycloak-operator",
      "version": "17.0.0-ks0.4.16_20230105.131102.fe2ee482"
    },
    {
      "name": "kcos-keycloak-postgresql",
      "version": "0.15.28_20230420.152824.2ac791ba"
    },
    {
      "name": "kcos-licensing",
      "version": "0.3.14_20220926.152748.6390189a"
    },
    {
      "name": "kcos-licensing-hostid-vmuuid",
      "version": "0.1.1_20220117.135312.3281144b"
    },
    {
      "name": "kcos-logging-framework",
      "version": "0.1.24_20221024.124603.ded86651"
    },
    {
      "name": "kcos-logging-rotate",
      "version": "0.1.8_20220825.073214.9cea3396"
    },
    {
      "name": "kcos-shell",
      "version": "0.13.36_20221124.181053.ed3ae51c"
    },
    {
      "name": "kcos-shell-configuration",
      "version": "0.13.36_20221124.181053.ed3ae51c"
    },
    {
      "name": "kcos-shell-sso",
      "version": "0.13.36_20221124.181053.ed3ae51c"
    },
    {
      "name": "kcos-sso-pam-token-service",
      "version": "0.1.9_20221124.173714.469c79d3"
    },
    {
      "name": "kcos-system-diagnostics",
      "version": "0.2.4_20221028.103427.c5c1305f"
    },
    {
      "name": "kcos-vital-service",
      "version": "0.5.2_20220623.085817.c12a392c"
    },
    {
      "name": "keycloak-rbac",
      "version": "6f58136"
    },
    {
      "name": "kubernetes_incubator/nfs-provisioner",
      "version": "v2.2.2"
    },
    {
      "name": "library/busybox",
      "version": "1.33.0"
    },
    {
      "name": "library/nats",
      "version": "2.1.7-alpine3.11"
    },
    {
      "name": "license-service",
      "version": "1.0.11323-releaseloadcore42"
    },
    {
      "name": "licensing-chisel-tunnel",
      "version": "1.0.11323-releaseloadcore42"
    },
    {
      "name": "loadcore-agent",
      "version": "4.2.0.21-d9e0e4acba"
    },
    {
      "name": "metrics-server/metrics-server",
      "version": "v0.5.0"
    },
    {
      "name": "migration-service",
      "version": "1.0.11323-releaseloadcore42"
    },
    {
      "name": "minio/mc",
      "version": "RELEASE.2021-12-29T06-52-55Z"
    },
    {
      "name": "minio/minio",
      "version": "RELEASE.2021-12-29T06-49-06Z"
    },
    {
      "name": "nats",
      "version": "2.0.2"
    },
    {
      "name": "nats-http-proxy-service",
      "version": "1.0.11323-releaseloadcore42"
    },
    {
      "name": "nats-streaming",
      "version": "0.16.0"
    },
    {
      "name": "natsio/nats-operator",
      "version": "0.8.3"
    },
    {
      "name": "nimbusmosaic-countersmodule",
      "version": "0.9.33-23-1"
    },
    {
      "name": "nimbusmosaic-gateway",
      "version": "0.9.33-23-1"
    },
    {
      "name": "nimbusmosaic-mobility",
      "version": "0.9.33-23-1"
    },
    {
      "name": "nimbusmosaic-perspective",
      "version": "0.9.33-23-1"
    },
    {
      "name": "nimbusmosaic-testexecutor",
      "version": "0.9.33-23-1"
    },
    {
      "name": "nimbusmosaic-testmanagerconnector",
      "version": "0.9.33-23-1"
    },
    {
      "name": "nimbusmosaic-testprojecteditor",
      "version": "0.9.33-23-1"
    },
    {
      "name": "notification-service",
      "version": "1.0.11323-releaseloadcore42"
    },
    {
      "name": "pstauffer/inotify",
      "version": "v1.0.1"
    },
    {
      "name": "rancher/local-path-provisioner",
      "version": "v0.0.20"
    },
    {
      "name": "report-gen-service",
      "version": "1.0.0.162"
    },
    {
      "name": "rest-api-browser-ui-v1",
      "version": "1.0.146-releaseloadcore"
    },
    {
      "name": "rest-browser-helper",
      "version": "1.0.11323-releaseloadcore42"
    },
    {
      "name": "rest-stats-service",
      "version": "1.0.11323-releaseloadcore42"
    },
    {
      "name": "result-service",
      "version": "1.0.11323-releaseloadcore42"
    },
    {
      "name": "session-manager",
      "version": "1.0.11323-releaseloadcore42"
    },
    {
      "name": "stats",
      "version": "1.0.11323-releaseloadcore42"
    },
    {
      "name": "stats-dashboard-service",
      "version": "1.0.11323-releaseloadcore42"
    },
    {
      "name": "stats-ui-base",
      "version": "7.0.3-77"
    },
    {
      "name": "synadia/prometheus-nats-exporter",
      "version": "0.5.0"
    },
    {
      "name": "system-monitor-service",
      "version": "1.0.11323-releaseloadcore42"
    },
    {
      "name": "test-results-service",
      "version": "1.0.11323-releaseloadcore42"
    },
    {
      "name": "traffic-controller",
      "version": "1.0.11323-releaseloadcore42"
    },
    {
      "name": "wap-db-diagnostics-service",
      "version": "1.0.11323-releaseloadcore42"
    },
    {
      "name": "wap-elasticsearch",
      "version": "7.17.6"
    },
    {
      "name": "wap-ntp-server",
      "version": "1.0.4325-master"
    },
    {
      "name": "wap-ui",
      "version": "2.15.328-wireless"
    },
    {
      "name": "weaveworks/weave-kube",
      "version": "2.8.1"
    },
    {
      "name": "weaveworks/weave-npc",
      "version": "2.8.1"
    },
    {
      "name": "websocket-service",
      "version": "1.0.11323-releaseloadcore42"
    },
    {
      "name": "wireless-data-model",
      "version": "4.2.0-3747-329"
    },
    {
      "name": "kubebuilder/kube-rbac-proxy",
      "version": "v0.13.0"
    },
    {
      "name": "kcos-keycloak-operator",
      "version": "17.0.0-ks0.4.16-feature-kube-update-2_20231019.103659.dd264def"
    },
    {
      "name": "kcos-keycloak",
      "version": "0.15.31-feature-kube-update-1_20231019.131103.b74e951c"
    },
    {
      "name": "kcos-keycloak-custom-ui",
      "version": "0.15.31-feature-kube-update-1_20231019.131103.b74e951c"
    },
    {
      "name": "kcos-keycloak-init-container",
      "version": "0.15.31-feature-kube-update-1_20231019.131103.b74e951c"
    },
    {
      "name": "kcos-keycloak-postgresql",
      "version": "0.15.31-feature-kube-update-1_20231019.131103.b74e951c"
    },
    {
      "name": "kcos-auth-proxy",
      "version": "0.15.31-feature-kube-update-1_20231019.131103.b74e951c"
    },
    {
      "name": "google_containers/pause",
      "version": "latest"
    }
  ]
}