{
"$schema": "https://schema.management.azure.com/schemas/2019-04-01/deploymentParameters.json#",
"contentVersion": "1.0.0.0",
  "parameters": {
    "publisherName": { "value": "Keysight-LoadCore" },
    "artifactStore": { "value": "ArtifactStore" },
    "artifactManifestName": { "value": "Manifest-52" },
    "nfdgroupName": { "value": "NFDG" },
    "nfdversion": { "value": "5.2.0" },
    "cnfName": { "value": "CNF" },
    "cgsName": { "value": "CGS" },
    "nsdGroup": { "value": "NSDG" },
    "nsdvName": { "value": "5.2.0" },
    "cgvName": { "value": "CGV-52" },
    "siteName": { "value": "Site-52" },
    "snsName": { "value": "SNS-52" },
    "aksClusterName": { "value": "cl_naks-loadcore-precert" },
    "aksClusterGroup": { "value": "rg-precert-keysight-pct1" },
    "publisherResourceGroup": { "value": "rg-precert-keysight-pct1" },
    "publisherSubscriptionId": { "value": "00000000-0000-0000-0000-000000000000" }
  }
}
