{
  "charts": [
    {
      "name": "kcos-keycloak-operator-crds-umbrella",
      "chartName": "kcos-keycloak-operator-crds-umbrella",
      "releaseName": "kcos-keycloak-operator-crds-umbrella",
      "version": "5.2.0-5645-280-aks",
      "updatedVersion": "5.2.0-5645-280-aks",
      "versionRange": "~5.2.0-5645-280",
      "releaseNamespace": "kcos-sso",
      "chartFile": "./helm_charts/kcos-keycloak-operator-crds-umbrella-5.2.0-5645-280-aks.tgz",
      "updatedChartFile": "./helm_charts/kcos-keycloak-operator-crds-umbrella-5.2.0-5645-280-aks.tgz",
      "userValuesFile": "kcos-keycloak-operator-crds-umbrella-values.yaml",
      "updatedUserValuesFile": "kcos-keycloak-operator-crds-umbrella-values.yaml",
      "registryValuesPaths": [],
      "imagePullSecretsValuesPaths": [
        "kcos-keycloak-operator-crds.imagePullSecrets"
      ]
    },
    {
      "name": "kcos-sso-umbrella",
      "chartName": "kcos-sso-umbrella",
      "releaseName": "kcos-sso-umbrella",
      "version": "5.2.0-5645-280-aks",
      "updatedVersion": "5.2.0-5645-280-aks",
      "versionRange": "~5.2.0-5645-280-aks",
      "releaseNamespace": "kcos-sso",
      "chartFile": "./helm_charts/kcos-sso-umbrella-5.2.0-5645-280-aks.tgz",
      "updatedChartFile": "./helm_charts/kcos-sso-umbrella-5.2.0-5645-280-aks.tgz",
      "userValuesFile": "kcos-sso-umbrella-values.yaml",
      "updatedUserValuesFile": "kcos-sso-umbrella-values.yaml",
      "registryValuesPaths": [
        "kcos-sso.KcosCurl.Registry",
        "kcos-sso.KcosAuthProxy.Registry",
        "kcos-sso.BitnamiPostgresq.Registry",
        "kcos-sso.GoogleContainersPause.Registry",
        "kcos-sso.KcosKeycloak.Registry",
        "kcos-sso.KcosKeycloakOperator.Registry",
        "kcos-sso.KcosKubectl.Registry",
        "kcos-better-crd-adopter.KcosContainersKubectl1_22.Registry"
      ],
      "imagePullSecretsValuesPaths": [
        "kcos-sso.imagePullSecrets",
        "kcos-better-crd-adopter.imagePullSecrets"
      ]
    },
    {
      "name": "kcos-framework-umbrella",
      "chartName": "kcos-framework-umbrella",
      "releaseName": "kcos-framework-umbrella",
      "version": "5.2.0-5645-280-aks",
      "updatedVersion": "5.2.0-5645-280-aks",
      "versionRange": "~5.2.0-5645-280-aks",
      "releaseNamespace": "kcos-framework",
      "chartFile": "./helm_charts/kcos-framework-umbrella-5.2.0-5645-280-aks.tgz",
      "updatedChartFile": "./helm_charts/kcos-framework-umbrella-5.2.0-5645-280-aks.tgz",
      "userValuesFile": "kcos-framework-umbrella-values.yaml",
      "updatedUserValuesFile": "kcos-framework-umbrella-values.yaml",
      "registryValuesPaths": [
        "kcos-framework-v1.KcosSystemDiagnostics.Registry",
        "kcos-framework-v1.KcosSystemDiagnosticsTestService.Registry",
        "kcos-framework-v1.KcosEula.Registry",
        "kcos-framework-v1.KcosLoggingFramework.Registry",
        "kcos-framework-v1.KcosLoggingFrameworkTestService.Registry",
        "kcos-framework-v1.KcosContainersKubectl1_22.Registry",
        "kcos-framework-v1.PostgresqlUbiImage.Registry",
        "kcos-framework-v1.LibraryBusybox.Registry",
        "kcos-framework-v1.Busybox.Registry",
        "kcos-ingress-v1.KcosContainersIngressNginxController1_8.Registry",
        "kcos-ingress-v1.FlantShellOperator.Registry",
        "kcos-ingress-v1.KcosContainersKubectl1_22.Registry"
      ],
      "imagePullSecretsValuesPaths": [
        "kcos-framework-v1.imagePullSecrets",
        "kcos-ingress-v1.imagePullSecrets"
      ]
    },
    {
      "name": "kcos-licensing-umbrella",
      "chartName": "kcos-licensing-umbrella",
      "releaseName": "kcos-licensing-umbrella",
      "version": "5.2.0-5645-280-aks",
      "updatedVersion": "5.2.0-5645-280-aks",
      "versionRange": "~5.2.0-5645-280-aks",
      "releaseNamespace": "kcos-licensing",
      "chartFile": "./helm_charts/kcos-licensing-umbrella-5.2.0-5645-280-aks.tgz",
      "updatedChartFile": "./helm_charts/kcos-licensing-umbrella-5.2.0-5645-280-aks.tgz",
      "userValuesFile": "kcos-licensing-umbrella-values.yaml",
      "updatedUserValuesFile": "kcos-licensing-umbrella-values.yaml",
      "registryValuesPaths": [
        "kcos-licensing-v1.PostgresqlUbiImage.Registry",
        "kcos-licensing-v1.KcosLicensing.Registry",
        "kcos-licensing-v1.KcosLicensingHostidVmuuid.Registry",
        "kcos-licensing-v1.KcosLicensingTestService.Registry",
        "kcos-licensing-v1.KcosContainersKubectl1_23.Registry"
      ],
      "imagePullSecretsValuesPaths": [
        "kcos-licensing-v1.imagePullSecrets"
      ]
    },
    {
      "name": "keysight-wap-bootstrap-umbrella",
      "chartName": "keysight-wap-bootstrap-umbrella",
      "releaseName": "keysight-wap-bootstrap-umbrella",
      "version": "5.2.0-5645-280-aks",
      "updatedVersion": "5.2.0-5645-280-aks",
      "versionRange": "~5.2.0-5645-280-aks",
      "releaseNamespace": "keysight-wap",
      "chartFile": "./helm_charts/keysight-wap-bootstrap-umbrella-5.2.0-5645-280-aks.tgz",
      "updatedChartFile": "./helm_charts/keysight-wap-bootstrap-umbrella-5.2.0-5645-280-aks.tgz",
      "userValuesFile": "keysight-wap-bootstrap-umbrella-values.yaml",
      "updatedUserValuesFile": "keysight-wap-bootstrap-umbrella-values.yaml",
      "registryValuesPaths": [
        "wap-db.BitnamiPostgresql.Registry",
        "wap-db.KcosContainersKubectl1_22.Registry"
      ],
      "imagePullSecretsValuesPaths": [
        "wap-db.imagePullSecrets"
      ]
    },
    {
      "name": "keysight-wap-umbrella",
      "chartName": "keysight-wap-umbrella",
      "releaseName": "keysight-wap-umbrella",
      "version": "5.2.0-5645-280-aks",
      "updatedVersion": "5.2.0-5645-280-aks",
      "versionRange": "~5.2.0-5645-280-aks",
      "releaseNamespace": "keysight-wap",
      "chartFile": "./helm_charts/keysight-wap-umbrella-5.2.0-5645-2808-aks.tgz",
      "updatedChartFile": "./helm_charts/keysight-wap-umbrella-5.2.0-5645-280-aks.tgz",
      "userValuesFile": "keysight-wap-umbrella-values.yaml",
      "updatedUserValuesFile": "keysight-wap-umbrella-values.yaml",
      "registryValuesPaths": [
        "wap-system-monitor.BitnamiPostgresql.Registry",
        "wap-system-monitor.SystemMonitorService.Registry",
        "wap-system-monitor.WapJobsService.Registry",
        "wap-ui.WapUi.Registry",
        "wap-core.BitnamiPostgresql.Registry",
        "wap-core.ConfigService.Registry",
        "wap-core.LicenseService.Registry",
        "wap-core.RestBrowserHelper.Registry",
        "wap-core.RestStatsService.Registry",
        "wap-core.ResultService.Registry",
        "wap-core.WapTunnelContainer.Registry",
        "wap-core.SessionManager.Registry",
        "wap-core.Stats.Registry",
        "wap-core.TestResultsService.Registry",
        "wap-stats-dashboards.BitnamiPostgresql.Registry",
        "wap-stats-dashboards.StatsDashboardService.Registry",
        "wap-object-storage.Busybox.Registry",
        "wap-object-storage.MinioMc.Registry",
        "wap-object-storage.MinioMinio.Registry",
        "rest-api-browser-v1.RestApiBrowserUiV1.Registry",
        "wap-notifications.BitnamiPostgresql.Registry",
        "wap-notifications.NotificationService.Registry",
        "wap-notifications.JobsService.Registry",
        "wap-notifications.Busybox.Registry",
        "wap-logging.WapElasticsearch.Registry",
        "wap-logging.JobsService.Registry",
        "wap-logging.FluentFluentBit.Registry",
        "wap-logging.StatsUiBase.Registry",
        "wap-logging.BitnamiPostgresql.Registry",
        "wap-logging.Busybox.Registry",
        "wap-msg-broker.JobsService.Registry",
        "wap-msg-broker.Nats.Registry",
        "wap-msg-broker.NatsioNatsServerConfigReloader.Registry",
        "wap-msg-broker.NatsioNatsBox.Registry",
        "wap-msg-broker.NatsHttpProxyService.Registry",
        "wap-msg-broker.WapTunnelContainer.Registry",
        "wap-test-core.BitnamiPostgresql.Registry",
        "wap-test-core.AgentController.Registry",
        "wap-test-core.DataseqService.Registry",
        "wap-test-core.TrafficController.Registry",
        "load-core.JobsService.Registry",
        "load-core.LoadCoreJobsService.Registry",
        "load-core.BitnamiPostgresql.Registry",
        "load-core.WirelessDataModel.Registry",
        "load-core.RestStatsGenerator.Registry",
        "wap-appsec.BitnamiPostgresql.Registry",
        "wap-appsec.AppsecDataModel.Registry",
        "wap-appsec.AppsecResourceService.Registry",
        "wap-appsec.CalibrationService.Registry",
        "wap-appsec.CyperfJobsService.Registry",
        "websocket-service.WebsocketService.Registry"
      ],
      "imagePullSecretsValuesPaths": [
        "wap-system-monitor.imagePullSecrets",
        "wap-ui.imagePullSecrets",
        "wap-core.imagePullSecrets",
        "wap-stats-dashboards.imagePullSecrets",
        "wap-object-storage.imagePullSecrets",
        "rest-api-browser-v1.imagePullSecrets",
        "wap-notifications.imagePullSecrets",
        "wap-agent-backup.imagePullSecrets",
        "wap-logging.imagePullSecrets",
        "wap-msg-broker.imagePullSecrets",
        "wap-test-core.imagePullSecrets",
        "load-core.imagePullSecrets",
        "wap-appsec.imagePullSecrets",
        "websocket-service.imagePullSecrets"
      ]
    },
    {
      "name": "loadcore-agents-operator-crds",
      "chartName": "loadcore-agents-operator-crds",
      "version": "5.2.0-5645-280",
      "updatedVersion": "5.2.0-5645-280",
      "versionRange": "~5.2.0-5645-280",
      "registryValuesPaths": [],
      "imagePullSecretsValuesPaths": [],
      "releaseName": "loadcore-agents-operator-crds",
      "releaseNamespace": "keysight-loadcore-agents",
      "chartFile": "./helm_charts/loadcore-agents-operator-crds-5.2.0-5645-280.tgz",
      "updatedChartFile": "./helm_charts/loadcore-agents-operator-crds-5.2.0-5645-280.tgz",
      "userValuesFile": "loadcore-agents-operator-crds-values.yaml",
      "updatedUserValuesFile": "loadcore-agents-operator-crds-values.yaml"
    },
    {
      "name": "loadcore-agents-operator",
      "chartName": "loadcore-agents-operator",
      "version": "5.2.0-5645-280",
      "updatedVersion": "5.2.0-5645-280",
      "versionRange": "~5.2.0-5645-280",
      "registryValuesPaths": [ "image.registry", "kubeRbacProxyImage.registry" ],
      "imagePullSecretsValuesPaths": [ "imagePullSecrets" ],
      "releaseName": "loadcore-agents-operator",
      "releaseNamespace": "keysight-loadcore-agents",
      "chartFile": "./helm_charts/loadcore-agents-operator-5.2.0-5645-280.tgz",
      "updatedChartFile": "./helm_charts/loadcore-agents-operator-5.2.0-5645-280.tgz",
      "userValuesFile": "loadcore-agents-operator-values.yaml",
      "updatedUserValuesFile": "loadcore-agents-operator-values.yaml"
    },
    {
      "name": "loadcore-agents",
      "chartName": "loadcore-agents",
      "version": "5.2.0-5645-280",
      "updatedVersion": "5.2.0-5645-280",
      "versionRange": "~5.2.0-5645-280",
      "registryValuesPaths": [ "agentsConfig.image.registry"],
      "imagePullSecretsValuesPaths": [ "agentsConfig.imagePullSecrets" ],
      "releaseName": "loadcore-agents",
      "releaseNamespace": "keysight-loadcore-agents",
      "chartFile": "./helm_charts/loadcore-agents-5.2.0-5645-280.tgz",
      "updatedChartFile": "./helm_charts/loadcore-agents-5.2.0-5645-280.tgz",
      "userValuesFile": "loadcore-agents-values.yaml",
      "updatedUserValuesFile": "loadcore-agents-values.yaml"
    }
  ]
}