{
  "images": [
    {
      "name": "agent-controller",
      "version": "1.0.15457-releaseloadcore52"
    },
    {
      "name": "agent-diagnostics-service",
      "version": "1.0.15457-releaseloadcore52"
    },
    {
      "name": "appsec-data-model",
      "version": "1.0.15457-releaseloadcore52"
    },
    {
      "name": "appsec-resource-service",
      "version": "1.0.15457-releaseloadcore52"
    },
    {
      "name": "ati-apps-base-job",
      "version": "2025.12.19-release-loadcore-5.20"
    },
    {
      "name": "ati-exploits-job",
      "version": "2025.12.19-release-loadcore-5.20"
    },
    {
      "name": "ati-malware-job",
      "version": "2025.12.13-release-loadcore-5.20"
    },
    {
      "name": "bitnami/postgresql",
      "version": "17-debian-12"
    },
    {
      "name": "bitnami/postgresql",
      "version": "17.5.0"
    },
    {
      "name": "busybox",
      "version": "1.34.1"
    },
    {
      "name": "calibration-service",
      "version": "1.0.15457-releaseloadcore52"
    },
    {
      "name": "calico/cni",
      "version": "v3.24.5"
    },
    {
      "name": "calico/kube-controllers",
      "version": "v3.24.5"
    },
    {
      "name": "calico/node",
      "version": "v3.24.5"
    },
    {
      "name": "config-service",
      "version": "1.0.15457-releaseloadcore52"
    },
    {
      "name": "connecteverything/nats-server-config-reloader",
      "version": "0.4.5-v1alpha2"
    },
    {
      "name": "connecteverything/nats-server-config-reloader",
      "version": "0.6.0"
    },
    {
      "name": "cyperf-jobs-service",
      "version": "1.0.15457-releaseloadcore52"
    },
    {
      "name": "dataseq-service",
      "version": "1.0.15457-releaseloadcore52"
    },
    {
      "name": "flant/shell-operator",
      "version": "v1.6.1"
    },
    {
      "name": "fluent/fluent-bit",
      "version": "4.0"
    },
    {
      "name": "google_containers/pause",
      "version": "3.2"
    },
    {
      "name": "jobs-service",
      "version": "1.0.15440-releaseloadcore52"
    },
    {
      "name": "kcos-auth-proxy",
      "version": "0.19.14"
    },
    {
      "name": "kcos-containers/ingress-nginx-controller-1.11",
      "version": "1.11-0.5.0"
    },
    {
      "name": "kcos-containers/inotify-1.0",
      "version": "0.4.5"
    },
    {
      "name": "kcos-containers/kubectl-1.22",
      "version": "0.2.2"
    },
    {
      "name": "kcos-containers/kubectl-1.22",
      "version": "0.4.2"
    },
    {
      "name": "kcos-containers/kubectl-1.23",
      "version": "0.2.3"
    },
    {
      "name": "kcos-coredns-fixup",
      "version": "0.4.0_20250102.214604.06e6fb36"
    },
    {
      "name": "kcos-curl",
      "version": "0.1.10"
    },
    {
      "name": "kcos-deployment-service",
      "version": "0.31.1"
    },
    {
      "name": "kcos-deployment-service-tpm",
      "version": "0.31.1"
    },
    {
      "name": "kcos-deployment-update-certs-to-deprecated",
      "version": "0.31.1"
    },
    {
      "name": "kcos-eula",
      "version": "0.8.6_20230626.134609.b212b04b"
    },
    {
      "name": "kcos-keycloak",
      "version": "0.19.14"
    },
    {
      "name": "kcos-keycloak-operator",
      "version": "17.0.0-ks0.5.5_20251127.011040.ccb2635c"
    },
    {
      "name": "kcos-kubectl",
      "version": "0.1.34"
    },
    {
      "name": "kcos-kubectl",
      "version": "0.1.37"
    },
    {
      "name": "kcos-licensing",
      "version": "0.7.4_20251106.113343.0a42af7e"
    },
    {
      "name": "kcos-licensing-hostid-vmuuid",
      "version": "0.1.1_20220117.135312.3281144b"
    },
    {
      "name": "kcos-logging-framework",
      "version": "0.3.1_20251014.001453.f8e2aa31"
    },
    {
      "name": "kcos-logging-rotate",
      "version": "0.2.0"
    },
    {
      "name": "kcos-nfs-server-provisioner",
      "version": "1.7.0-ks0.2.6_20250822.184005.8bba5c2a"
    },
    {
      "name": "kcos-shell",
      "version": "0.32.0_20251118.225704.967b4198"
    },
    {
      "name": "kcos-shell-configuration",
      "version": "0.32.0_20251118.225704.967b4198"
    },
    {
      "name": "kcos-shell-ssh-proxy",
      "version": "0.32.0_20251118.225704.967b4198"
    },
    {
      "name": "kcos-shell-sso",
      "version": "0.32.0_20251118.225704.967b4198"
    },
    {
      "name": "kcos-sso-pam-token-service",
      "version": "0.2.3_20250820.121047.c4585c1a"
    },
    {
      "name": "kcos-system-diagnostics",
      "version": "0.4.8_20251118.231349.60405be0"
    },
    {
      "name": "kcos-vital-service",
      "version": "0.8.3_20250722.122941.9ee5ed58"
    },
    {
      "name": "keycloak-rbac",
      "version": "6f58136"
    },
    {
      "name": "kubebuilder/kube-rbac-proxy",
      "version": "v0.13.0"
    },
    {
      "name": "library/bitnami/postgresql",
      "version": "17-debian-12"
    },
    {
      "name": "library/busybox",
      "version": "1.34.1"
    },
    {
      "name": "library/busybox",
      "version": "1.37.0"
    },
    {
      "name": "library/calico/cni",
      "version": "v3.24.5"
    },
    {
      "name": "library/calico/kube-controllers",
      "version": "v3.24.5"
    },
    {
      "name": "library/calico/node",
      "version": "v3.24.5"
    },
    {
      "name": "library/connecteverything/nats-server-config-reloader",
      "version": "0.4.5-v1alpha2"
    },
    {
      "name": "library/connecteverything/nats-server-config-reloader",
      "version": "0.6.0"
    },
    {
      "name": "library/flant/shell-operator",
      "version": "v1.6.1"
    },
    {
      "name": "library/fluent/fluent-bit",
      "version": "4.0"
    },
    {
      "name": "library/nats",
      "version": "2.0.2"
    },
    {
      "name": "library/nats",
      "version": "2.1.7-alpine3.11"
    },
    {
      "name": "library/nats",
      "version": "2.12.1-alpine"
    },
    {
      "name": "library/natsio/nats-server-config-reloader",
      "version": "0.20.1"
    },
    {
      "name": "library/rancher/local-path-provisioner",
      "version": "v0.0.20"
    },
    {
      "name": "library/synadia/prometheus-nats-exporter",
      "version": "0.5.0"
    },
    {
      "name": "license-service",
      "version": "1.0.15457-releaseloadcore52"
    },
    {
      "name": "load-core-jobs-service",
      "version": "5.2.0-5645-280"
    },
    {
      "name": "loadcore-agent",
      "version": "5.2.0.9-60fec2ec78"
    },
    {
      "name": "loadcore-agents-operator-controller",
      "version": "5.2.0-5645-280"
    },
    {
      "name": "metrics-server/metrics-server",
      "version": "v0.5.0"
    },
    {
      "name": "migration-service",
      "version": "1.0.15457-releaseloadcore52"
    },
    {
      "name": "minio/mc",
      "version": "RELEASE.2025-08-13T08-35-41Z"
    },
    {
      "name": "minio/minio",
      "version": "RELEASE.2025-09-07T16-13-09Z"
    },
    {
      "name": "nats",
      "version": "2.0.2"
    },
    {
      "name": "nats",
      "version": "2.1.7-alpine3.11"
    },
    {
      "name": "nats",
      "version": "2.12.1-alpine"
    },
    {
      "name": "nats-http-proxy-service",
      "version": "1.0.15457-releaseloadcore52"
    },
    {
      "name": "natsio/nats-server-config-reloader",
      "version": "0.20.1"
    },
    {
      "name": "nimbusmosaic-countersmodule",
      "version": "0.9.110-23-1"
    },
    {
      "name": "nimbusmosaic-gateway",
      "version": "0.9.110-23-1"
    },
    {
      "name": "nimbusmosaic-mobility",
      "version": "0.9.110-23-1"
    },
    {
      "name": "nimbusmosaic-perspective",
      "version": "0.9.110-23-1"
    },
    {
      "name": "nimbusmosaic-testexecutor",
      "version": "0.9.110-23-1"
    },
    {
      "name": "nimbusmosaic-testmanagerconnector",
      "version": "0.9.110-23-1"
    },
    {
      "name": "nimbusmosaic-testprojecteditor",
      "version": "0.9.110-23-1"
    },
    {
      "name": "notification-service",
      "version": "1.0.15457-releaseloadcore52"
    },
    {
      "name": "postgresql-ubi-image",
      "version": "0.1.26"
    },
    {
      "name": "rancher/local-path-provisioner",
      "version": "v0.0.20"
    },
    {
      "name": "report-gen-service",
      "version": "1.0.0.226"
    },
    {
      "name": "rest-api-browser-ui-v1",
      "version": "1.0.156-releaseloadcore"
    },
    {
      "name": "rest-browser-helper",
      "version": "1.0.15457-releaseloadcore52"
    },
    {
      "name": "rest-stats-generator",
      "version": "5.2.0-5645-280"
    },
    {
      "name": "rest-stats-service",
      "version": "1.0.15457-releaseloadcore52"
    },
    {
      "name": "result-service",
      "version": "1.0.15457-releaseloadcore52"
    },
    {
      "name": "session-manager",
      "version": "1.0.15457-releaseloadcore52"
    },
    {
      "name": "stats",
      "version": "1.0.15457-releaseloadcore52"
    },
    {
      "name": "stats-dashboard-service",
      "version": "1.0.15457-releaseloadcore52"
    },
    {
      "name": "stats-ui-base",
      "version": "7.0.3-130"
    },
    {
      "name": "synadia/prometheus-nats-exporter",
      "version": "0.5.0"
    },
    {
      "name": "system-monitor-service",
      "version": "1.0.15457-releaseloadcore52"
    },
    {
      "name": "test-results-service",
      "version": "1.0.15457-releaseloadcore52"
    },
    {
      "name": "traffic-controller",
      "version": "1.0.15457-releaseloadcore52"
    },
    {
      "name": "wap-base-alpine",
      "version": "3.21-cri-tools"
    },
    {
      "name": "wap-db-diagnostics-service",
      "version": "1.0.15457-releaseloadcore52"
    },
    {
      "name": "wap-elasticsearch",
      "version": "8.19.6"
    },
    {
      "name": "wap-jobs-service",
      "version": "1.0.15457-releaseloadcore52"
    },
    {
      "name": "wap-ntp-server",
      "version": "1.0.15440-releaseloadcore52"
    },
    {
      "name": "wap-tunnel-container",
      "version": "2.0.19"
    },
    {
      "name": "wap-ui",
      "version": "5.2.307-wireless"
    },
    {
      "name": "websocket-service",
      "version": "1.0.15457-releaseloadcore52"
    },
    {
      "name": "wireless-data-model",
      "version": "5.2.0-5645-280"
    }
  ]
}
